artist,title,venue,sido,sgg,start,end,n,type,conf,source,status
BTS,BTS WORLD TOUR 'ARIRANG' IN GOYANG,고양종합운동장,경기,고양시,2026-04-09,2026-04-12,3,콘서트,A,https://en.wikipedia.org/wiki/Arirang_World_Tour,수집
BTS,BTS WORLD TOUR 'ARIRANG' IN BUSAN,부산아시아드주경기장,부산,연제구,2026-06-12,2026-06-13,2,콘서트,A,https://en.wikipedia.org/wiki/Arirang_World_Tour,수집
TWICE,2024 TWICE FANMEETING [HOME 9ROUND],올림픽홀,서울,송파구,2024-10-20,2024-10-20,1,팬미팅,A,https://m.ticket.yes24.com/Perf/51057,수집
TWICE,TWICE <THIS IS FOR> WORLD TOUR in INCHEON,인스파이어 아레나,인천,중구,2025-07-19,2025-07-20,2,콘서트,A,https://en.wikipedia.org/wiki/This_Is_For_World_Tour,수집
TWICE,TWICE <THIS IS FOR> WORLD TOUR FINALE in SEOUL,KSPO DOME,서울,송파구,2026-07-10,2026-07-12,3,콘서트,A,https://en.wikipedia.org/wiki/This_Is_For_World_Tour,수집
임영웅,2024 임영웅 콘서트 [IM HERO - THE STADIUM],서울월드컵경기장,서울,마포구,2024-05-25,2024-05-26,2,콘서트,A,https://www.starnewskorea.com/music/2024/04/10/2024041008044435912,수집
임영웅,임영웅 IM HERO TOUR 2025 - 인천,송도컨벤시아,인천,연수구,2025-10-17,2025-10-19,3,콘서트,A,https://www.stagepick.co.kr/performances/detail/203097,수집
임영웅,임영웅 IM HERO TOUR 2025 - 대구,EXCO 동관,대구,북구,2025-11-07,2025-11-09,3,콘서트,A,https://www.stagepick.co.kr/performances/detail/203098,수집
임영웅,임영웅 IM HERO TOUR 2025 - 서울,KSPO DOME,서울,송파구,2025-11-21,2025-11-30,6,콘서트,A,https://www.stagepick.co.kr/performances/detail/203099,수집
임영웅,임영웅 IM HERO TOUR 2025 - 광주,김대중컨벤션센터,광주,서구,2025-12-19,2025-12-21,3,콘서트,A,https://www.stagepick.co.kr/performances/detail/203100,수집
임영웅,임영웅 IM HERO TOUR 2025 - 대전,대전컨벤션센터(DCC) 제2전시장,대전,유성구,2026-01-02,2026-01-04,3,콘서트,A,https://www.stagepick.co.kr/performances/detail/203101,수집
임영웅,임영웅 IM HERO 전국투어 콘서트 in 서울,고척스카이돔,서울,구로구,2026-01-16,2026-01-18,3,콘서트,A,https://www.newsis.com/view/NISX20260119_0003481793,수집
임영웅,임영웅 IM HERO TOUR 2025 - 부산,벡스코 제1전시장,부산,해운대구,2026-02-06,2026-02-08,3,콘서트,A,https://www.stagepick.co.kr/performances/detail/208550,수집
임영웅,2026 임영웅 콘서트 [IM HERO - THE STADIUM 2] IN GOYANG,고양종합운동장,경기,고양시,2026-09-04,2026-09-06,3,콘서트,A,https://www.mediapen.com/news/view/1104842,수집
BLACKPINK,BLACKPINK WORLD TOUR <DEADLINE> IN GOYANG,고양종합운동장,경기,고양시,2025-07-05,2025-07-06,2,콘서트,A,https://en.wikipedia.org/wiki/Deadline_World_Tour,수집
NCT,2024 NCT DREAM WORLD TOUR <THE DREAM SHOW 3 : DREAM( )SCAPE>,고척스카이돔,서울,구로구,2024-05-02,2024-05-04,3,콘서트,A,https://en.wikipedia.org/wiki/The_Dream_Show_3:_Dream(_)scape,수집
NCT,NCT WISH : SCHOOL of WISH 1ST FANMEETING - 서울,,서울,,2024-05-25,2024-05-26,1,팬미팅,B,https://www.sportsworldi.com/newsView/20240419507156,수집
NCT,NCT WISH : SCHOOL of WISH 1ST FANMEETING - 부산,,부산,,2024-06-01,2024-06-01,1,팬미팅,B,https://www.sportsworldi.com/newsView/20240419507156,수집
NCT,NCT WISH : SCHOOL of WISH 1ST FANMEETING - 전주,,전북,전주시,2024-06-08,2024-06-08,1,팬미팅,B,https://www.sportsworldi.com/newsView/20240419507156,수집
NCT,NCT WISH : SCHOOL of WISH 1ST FANMEETING - 대구,,대구,,2024-06-15,2024-06-15,1,팬미팅,B,https://www.sportsworldi.com/newsView/20240419507156,수집
NCT,NCT WISH : SCHOOL of WISH 1ST FANMEETING - 청주,,충북,청주시,2024-06-22,2024-06-22,1,팬미팅,B,https://www.sportsworldi.com/newsView/20240419507156,수집
NCT,2024 NCT DREAM WORLD TOUR <THE DREAM SHOW 3 : DREAMSCAPE> FINALE in SEOUL,고척스카이돔,서울,구로구,2024-11-29,2024-12-01,3,콘서트,A,https://en.wikipedia.org/wiki/The_Dream_Show_3:_Dream(_)scape,수집
NCT,NCT 127 4TH TOUR 'NEO CITY - THE MOMENTUM' IN SEOUL,고척스카이돔,서울,구로구,2025-01-18,2025-01-19,2,콘서트,A,https://en.wikipedia.org/wiki/Neo_City_%E2%80%93_The_Momentum,수집
NCT,2025 NCT WISH ASIA TOUR 'LOG in' SEOUL,올림픽공원 핸드볼경기장,서울,송파구,2025-03-21,2025-03-23,3,콘서트,A,https://x.com/melonticket_kor/status/1876856357812392215,수집
NCT,NCT DREAM WORLD TOUR <THE DREAM SHOW 4 : DREAM THE FUTURE> in SEOUL,고척스카이돔,서울,구로구,2025-07-10,2025-07-12,3,콘서트,A,https://en.wikipedia.org/wiki/The_Dream_Show_4:_Dream_the_Future,수집
NCT,NCT WISH 1st CONCERT TOUR 'INTO THE WISH : Our WISH' in SEOUL,,서울,,2025-10-31,2025-11-02,3,콘서트,B,https://www.mksports.co.kr/news/entertain/11951462,수집
NCT,NCT WISH 2ND ANNIVERSARY FANMEETING,서울종합운동장 실내체육관,서울,송파구,2026-02-21,2026-02-21,1,팬미팅,B,https://namu.wiki/w/NCT%20WISH/%EA%B3%B5%EC%97%B0%20%EB%B0%8F%20%ED%96%89%EC%82%AC,수집
NCT,NCT DREAM <THE DREAM SHOW 4 : DREAM THE FUTURE> FINALE in SEOUL,KSPO DOME,서울,송파구,2026-03-20,2026-03-29,6,콘서트,A,https://en.wikipedia.org/wiki/The_Dream_Show_4:_Dream_the_Future,수집
NCT,NCT WISH 1st CONCERT TOUR 'INTO THE WISH : Our WISH' ENCORE IN SEOUL,KSPO DOME,서울,송파구,2026-04-17,2026-04-19,3,콘서트,A,https://www.mksports.co.kr/news/entertain/11951462,수집
Stray Kids,Stray Kids 4th Fanmeeting 'SKZ's Magic School',KSPO DOME,서울,송파구,2024-03-29,2024-03-31,3,팬미팅,A,https://en.wikipedia.org/wiki/List_of_Stray_Kids_live_performances,수집
Stray Kids,Stray Kids World Tour 'dominATE' in SEOUL,KSPO DOME,서울,송파구,2024-08-24,2024-08-25,2,콘서트,A,https://en.wikipedia.org/wiki/Dominate_World_Tour,수집
Stray Kids,Stray Kids 5th Fanmeeting 'SKZ 5'Clock',인스파이어 아레나,인천,중구,2025-02-14,2025-02-16,3,팬미팅,A,https://en.wikipedia.org/wiki/List_of_Stray_Kids_live_performances,수집
Stray Kids,Stray Kids World Tour 'dominATE: celebrATE' in INCHEON,인천아시아드주경기장,인천,서구,2025-10-18,2025-10-19,2,콘서트,A,https://en.wikipedia.org/wiki/Dominate_World_Tour,수집
Stray Kids,Stray Kids 6th Fanmeeting 'Stay in Our Little House',인스파이어 아레나,인천,중구,2026-03-28,2026-04-05,1,팬미팅,A,https://en.wikipedia.org/wiki/List_of_Stray_Kids_live_performances,수집
Stray Kids,SBS 가요대전 SUMMER 2026 출연,,경기,고양시,2026-08-09,2026-08-09,1,페스티벌출연,B,https://en.wikipedia.org/wiki/List_of_Stray_Kids_live_performances,수집
SEVENTEEN,SEVENTEEN TOUR 'FOLLOW' AGAIN TO INCHEON,인천아시아드주경기장,인천,서구,2024-03-30,2024-03-31,2,콘서트,A,https://en.wikipedia.org/wiki/Follow_Tour,수집
SEVENTEEN,SEVENTEEN TOUR 'FOLLOW' AGAIN TO SEOUL,서울월드컵경기장,서울,마포구,2024-04-27,2024-04-28,2,콘서트,A,https://en.wikipedia.org/wiki/Follow_Tour,수집
SEVENTEEN,SEVENTEEN WORLD TOUR [RIGHT HERE] IN GOYANG,고양종합운동장,경기,고양시,2024-10-12,2024-10-13,2,콘서트,A,https://en.wikipedia.org/wiki/Right_Here_World_Tour,수집
SEVENTEEN,SEVENTEEN WORLD TOUR [NEW_] IN INCHEON,인천아시아드주경기장,인천,서구,2025-09-13,2025-09-14,2,콘서트,A,https://en.wikipedia.org/wiki/New_World_Tour,수집
SEVENTEEN,SEVENTEEN WORLD TOUR [NEW_] ENCORE IN INCHEON,인천아시아드주경기장,인천,서구,2026-04-04,2026-04-05,2,콘서트,A,https://en.wikipedia.org/wiki/New_World_Tour,수집
god,2024 god CONCERT <CHAPTER 0>,KSPO DOME(올림픽체조경기장),서울,송파구,2024-09-27,2024-09-29,3,콘서트,A,https://en.wikipedia.org/wiki/List_of_g.o.d_concert_tours,수집
god,2025 god CONCERT <ICONIC BOX> - 서울,KSPO DOME(올림픽체조경기장),서울,송파구,2025-12-05,2025-12-07,3,콘서트,A,https://en.wikipedia.org/wiki/List_of_g.o.d_concert_tours,수집
god,2025 god CONCERT <ICONIC BOX> - 부산,벡스코 제1전시장,부산,해운대구,2025-12-20,2025-12-21,2,콘서트,A,https://en.wikipedia.org/wiki/List_of_g.o.d_concert_tours,수집
god,"god 데뷔 10,000일 기념 팬콘서트 (ONE FAMILY, 10,000 DAYS)",에버랜드,경기,용인시,2026-05-30,2026-05-30,1,콘서트,B,https://www.starnewskorea.com/music/2026/06/01/2026060115403617941,수집
aespa,2024 aespa LIVE TOUR - SYNK : PARALLEL LINE - in SEOUL,잠실실내체육관,서울,송파구,2024-06-29,2024-06-30,2,콘서트,A,https://en.wikipedia.org/wiki/Synk:_Parallel_Line,수집
aespa,2025 aespa LIVE TOUR - SYNK : PARALLEL LINE ENCORE in SEOUL,KSPO DOME,서울,송파구,2025-03-15,2025-03-16,2,콘서트,A,https://en.wikipedia.org/wiki/Synk:_Parallel_Line,수집
aespa,aespa LIVE TOUR - SYNK : AEXIS LINE in SEOUL,KSPO DOME,서울,송파구,2025-08-29,2025-08-31,3,콘서트,A,https://en.wikipedia.org/wiki/Synk:_Aexis_Line,수집
지드래곤 (G-Dragon),G-DRAGON 2025 WORLD TOUR [Ubermensch] IN GOYANG,고양종합운동장,경기,고양시,2025-03-29,2025-03-30,2,콘서트,A,https://en.wikipedia.org/wiki/%C3%9Cbermensch_World_Tour,수집
지드래곤 (G-Dragon),G-DRAGON WORLD TOUR [Ubermensch] FINALE IN SEOUL,고척스카이돔,서울,구로구,2025-12-12,2025-12-14,3,콘서트,A,https://en.wikipedia.org/wiki/%C3%9Cbermensch_World_Tour,수집
CORTIS,CORTIS <COLOR OUTSIDE THE LINES> RELEASE PARTY,고려대학교 화정체육관,서울,성북구,2025-09-08,2025-09-08,1,단독공연,B,https://namu.wiki/w/CORTIS/%EA%B3%B5%EC%97%B0%20%EB%B0%8F%20%ED%96%89%EC%82%AC,수집
CORTIS,CORTIS <REDRED> RELEASE PARTY,예스24 라이브홀,서울,,2026-04-20,2026-04-20,1,단독공연,B,https://namu.wiki/w/CORTIS/%EA%B3%B5%EC%97%B0%20%EB%B0%8F%20%ED%96%89%EC%82%AC,수집
CORTIS,CORTIS <GREENGREEN> RELEASE PARTY,에스팩토리 D동,서울,성동구,2026-05-04,2026-05-04,1,단독공연,B,https://namu.wiki/w/CORTIS/%EA%B3%B5%EC%97%B0%20%EB%B0%8F%20%ED%96%89%EC%82%AC,수집
CORTIS,홍익대학교 대동제,홍익대학교,서울,마포구,2026-05-14,2026-05-14,1,페스티벌출연,B,https://namu.wiki/w/CORTIS/%EA%B3%B5%EC%97%B0%20%EB%B0%8F%20%ED%96%89%EC%82%AC,수집
CORTIS,고려대학교 석탑대동제,고려대학교,서울,성북구,2026-05-19,2026-05-19,1,페스티벌출연,B,https://namu.wiki/w/CORTIS/%EA%B3%B5%EC%97%B0%20%EB%B0%8F%20%ED%96%89%EC%82%AC,수집
CORTIS,2026 Weverse Con Festival,KSPO DOME,서울,송파구,2026-06-07,2026-06-07,1,페스티벌출연,B,https://namu.wiki/w/CORTIS/%EA%B3%B5%EC%97%B0%20%EB%B0%8F%20%ED%96%89%EC%82%AC,수집
CORTIS,2026 CORTIS TOUR <PUT YOUR PHONE DOWN> IN INCHEON,인스파이어 아레나,인천,중구,2026-07-18,2026-07-19,2,콘서트,A,https://m.news.nate.com/view/20260717n02949,수집
CORTIS,2026 CORTIS TOUR <PUT YOUR PHONE DOWN> IN SEOUL,고려대학교 화정체육관,서울,성북구,2026-08-22,2026-08-23,2,콘서트,A,https://fannstar.tf.co.kr/fnnews/read/355492,수집
아이유,2024 IU HEREH WORLD TOUR CONCERT IN SEOUL,KSPO DOME,서울,송파구,2024-03-02,2024-03-10,4,콘서트,A,https://en.wikipedia.org/wiki/IU_HEREH_World_Tour,수집
아이유,2024 IU HEREH WORLD TOUR CONCERT ENCORE : THE WINNING,서울월드컵경기장,서울,마포구,2024-09-21,2024-09-22,2,콘서트,A,https://en.wikipedia.org/wiki/IU_HEREH_World_Tour,수집
아이유,"2025 IU FAN MEET-UP [Bye, Summer]",KSPO DOME,서울,송파구,2025-09-13,2025-09-14,2,팬미팅,A,https://www.koreajoongangdaily.com/entertainment/iu-to-host-fan-meet-and-greet-bye-summer-on-sept-13-and-14/10077954,수집
EXO,2024 EXO FAN MEETING : ONE,인스파이어 아레나,인천,중구,2024-04-14,2024-04-14,1,팬미팅,A,https://edaily.co.kr/News/Read?mediaCodeNo=258&newsId=01403846638794456,수집
EXO,2025 EXO FAN MEETING [EXO'verse],인스파이어 아레나,인천,중구,2025-12-13,2025-12-14,2,팬미팅,A,https://www.starnewskorea.com/music/2025/10/27/2025102714100144034,수집
EXO,EXO PLANET #6 - EXhOrizon - in SEOUL,KSPO DOME,서울,송파구,2026-04-10,2026-04-12,3,콘서트,A,https://en.wikipedia.org/wiki/Exo_Planet_6_%E2%80%93_Exhorizon,수집
NewJeans,2024 Korea On Stage,경복궁 근정전,서울,종로구,2024-05-21,2024-05-21,1,페스티벌출연,B,https://en.wikipedia.org/wiki/List_of_NewJeans_live_performances,수집
NewJeans,K-Wave Concert (SBS 인기가요),인스파이어 아레나,인천,중구,2024-06-02,2024-06-02,1,페스티벌출연,B,https://en.wikipedia.org/wiki/List_of_NewJeans_live_performances,수집
싸이,싸이 흠뻑쇼 SUMMER SWAG 2024 - 원주,원주종합운동장,강원,원주시,2024-06-29,2024-06-29,1,콘서트,A,https://namu.wiki/w/%EC%8B%B8%EC%9D%B4%20%ED%9D%A0%EB%BB%91%EC%87%BC%202024,수집
싸이,싸이 흠뻑쇼 SUMMER SWAG 2024 - 광주,광주월드컵경기장,광주,서구,2024-07-06,2024-07-07,2,콘서트,A,https://namu.wiki/w/%EC%8B%B8%EC%9D%B4%20%ED%9D%A0%EB%BB%91%EC%87%BC%202024,수집
싸이,싸이 흠뻑쇼 SUMMER SWAG 2024 - 대구,대구스타디움,대구,수성구,2024-07-13,2024-07-14,2,콘서트,A,https://namu.wiki/w/%EC%8B%B8%EC%9D%B4%20%ED%9D%A0%EB%BB%91%EC%87%BC%202024,수집
싸이,싸이 흠뻑쇼 SUMMER SWAG 2024 - 과천,서울대공원 주차광장,경기,과천시,2024-07-20,2024-07-21,2,콘서트,A,https://namu.wiki/w/%EC%8B%B8%EC%9D%B4%20%ED%9D%A0%EB%BB%91%EC%87%BC%202024,수집
싸이,싸이 흠뻑쇼 SUMMER SWAG 2024 - 대전,목원대학교 대운동장,대전,서구,2024-07-27,2024-07-28,2,콘서트,A,https://namu.wiki/w/%EC%8B%B8%EC%9D%B4%20%ED%9D%A0%EB%BB%91%EC%87%BC%202024,수집
싸이,싸이 흠뻑쇼 SUMMER SWAG 2024 - 속초,속초종합운동장,강원,속초시,2024-08-03,2024-08-03,1,콘서트,A,https://namu.wiki/w/%EC%8B%B8%EC%9D%B4%20%ED%9D%A0%EB%BB%91%EC%87%BC%202024,수집
싸이,싸이 흠뻑쇼 SUMMER SWAG 2024 - 부산,부산아시아드주경기장,부산,연제구,2024-08-10,2024-08-11,2,콘서트,A,https://namu.wiki/w/%EC%8B%B8%EC%9D%B4%20%ED%9D%A0%EB%BB%91%EC%87%BC%202024,수집
싸이,싸이 흠뻑쇼 SUMMER SWAG 2024 - 인천,인천아시아드주경기장,인천,서구,2024-08-17,2024-08-18,2,콘서트,A,https://namu.wiki/w/%EC%8B%B8%EC%9D%B4%20%ED%9D%A0%EB%BB%91%EC%87%BC%202024,수집
싸이,싸이 흠뻑쇼 SUMMER SWAG 2024 - 수원,수원월드컵경기장,경기,수원시,2024-08-24,2024-08-25,2,콘서트,A,https://namu.wiki/w/%EC%8B%B8%EC%9D%B4%20%ED%9D%A0%EB%BB%91%EC%87%BC%202024,수집
싸이,싸이 흠뻑쇼 SUMMER SWAG 2024 - 과천 (추가공연),서울대공원 주차광장,경기,과천시,2024-08-31,2024-08-31,1,콘서트,A,https://namu.wiki/w/%EC%8B%B8%EC%9D%B4%20%ED%9D%A0%EB%BB%91%EC%87%BC%202024,수집
싸이,싸이 흠뻑쇼 SUMMER SWAG 2025 - 인천,인천아시아드주경기장,인천,서구,2025-06-28,2025-06-29,2,콘서트,A,https://namu.wiki/w/%EC%8B%B8%EC%9D%B4%20%ED%9D%A0%EB%BB%91%EC%87%BC%202025,수집
싸이,싸이 흠뻑쇼 SUMMER SWAG 2025 - 의정부,의정부종합운동장,경기,의정부시,2025-07-05,2025-07-05,1,콘서트,A,https://namu.wiki/w/%EC%8B%B8%EC%9D%B4%20%ED%9D%A0%EB%BB%91%EC%87%BC%202025,수집
싸이,싸이 흠뻑쇼 SUMMER SWAG 2025 - 대전,목원대학교 대운동장,대전,서구,2025-07-12,2025-07-13,2,콘서트,A,https://namu.wiki/w/%EC%8B%B8%EC%9D%B4%20%ED%9D%A0%EB%BB%91%EC%87%BC%202025,수집
싸이,싸이 흠뻑쇼 SUMMER SWAG 2025 - 과천,서울대공원 주차광장,경기,과천시,2025-07-18,2025-07-20,3,콘서트,A,https://namu.wiki/w/%EC%8B%B8%EC%9D%B4%20%ED%9D%A0%EB%BB%91%EC%87%BC%202025,수집
싸이,싸이 흠뻑쇼 SUMMER SWAG 2025 - 속초,속초종합운동장,강원,속초시,2025-07-26,2025-07-26,1,콘서트,A,https://namu.wiki/w/%EC%8B%B8%EC%9D%B4%20%ED%9D%A0%EB%BB%91%EC%87%BC%202025,수집
싸이,싸이 흠뻑쇼 SUMMER SWAG 2025 - 수원,수원월드컵경기장 보조경기장,경기,수원시,2025-08-02,2025-08-03,2,콘서트,A,https://namu.wiki/w/%EC%8B%B8%EC%9D%B4%20%ED%9D%A0%EB%BB%91%EC%87%BC%202025,수집
싸이,싸이 흠뻑쇼 SUMMER SWAG 2025 - 대구,대구스타디움,대구,수성구,2025-08-09,2025-08-09,1,콘서트,A,https://namu.wiki/w/%EC%8B%B8%EC%9D%B4%20%ED%9D%A0%EB%BB%91%EC%87%BC%202025,수집
싸이,싸이 흠뻑쇼 SUMMER SWAG 2025 - 부산,부산아시아드보조경기장,부산,연제구,2025-08-15,2025-08-16,2,콘서트,A,https://namu.wiki/w/%EC%8B%B8%EC%9D%B4%20%ED%9D%A0%EB%BB%91%EC%87%BC%202025,수집
싸이,싸이 흠뻑쇼 SUMMER SWAG 2025 - 광주,조선대학교 운동장,광주,동구,2025-08-23,2025-08-24,2,콘서트,A,https://namu.wiki/w/%EC%8B%B8%EC%9D%B4%20%ED%9D%A0%EB%BB%91%EC%87%BC%202025,수집
싸이,싸이 흠뻑쇼 SUMMER SWAG 2026 - 의정부,의정부종합운동장,경기,의정부시,2026-06-27,2026-06-27,1,콘서트,A,https://namu.wiki/w/%EC%8B%B8%EC%9D%B4%20%ED%9D%A0%EB%BB%91%EC%87%BC%202026,수집
싸이,싸이 흠뻑쇼 SUMMER SWAG 2026 - 대구,대구스타디움 보조경기장,대구,수성구,2026-07-04,2026-07-05,2,콘서트,A,https://namu.wiki/w/%EC%8B%B8%EC%9D%B4%20%ED%9D%A0%EB%BB%91%EC%87%BC%202026,수집
싸이,싸이 흠뻑쇼 SUMMER SWAG 2026 - 인천,인천아시아드주경기장,인천,서구,2026-07-11,2026-07-11,1,콘서트,A,https://namu.wiki/w/%EC%8B%B8%EC%9D%B4%20%ED%9D%A0%EB%BB%91%EC%87%BC%202026,수집
싸이,싸이 흠뻑쇼 SUMMER SWAG 2026 - 과천,서울대공원 주차광장,경기,과천시,2026-07-17,2026-07-18,2,콘서트,A,https://namu.wiki/w/%EC%8B%B8%EC%9D%B4%20%ED%9D%A0%EB%BB%91%EC%87%BC%202026,수집
싸이,싸이 흠뻑쇼 SUMMER SWAG 2026 - 원주,원주종합운동장,강원,원주시,2026-07-25,2026-07-25,1,콘서트,A,https://namu.wiki/w/%EC%8B%B8%EC%9D%B4%20%ED%9D%A0%EB%BB%91%EC%87%BC%202026,수집
싸이,싸이 흠뻑쇼 SUMMER SWAG 2026 - 수원,수원월드컵경기장 보조경기장,경기,수원시,2026-08-01,2026-08-02,2,콘서트,A,https://namu.wiki/w/%EC%8B%B8%EC%9D%B4%20%ED%9D%A0%EB%BB%91%EC%87%BC%202026,수집
싸이,싸이 흠뻑쇼 SUMMER SWAG 2026 - 광주,조선대학교 운동장,광주,동구,2026-08-08,2026-08-08,1,콘서트,A,https://namu.wiki/w/%EC%8B%B8%EC%9D%B4%20%ED%9D%A0%EB%BB%91%EC%87%BC%202026,수집
싸이,싸이 흠뻑쇼 SUMMER SWAG 2026 - 부산,부산아시아드주경기장,부산,연제구,2026-08-15,2026-08-16,2,콘서트,A,https://namu.wiki/w/%EC%8B%B8%EC%9D%B4%20%ED%9D%A0%EB%BB%91%EC%87%BC%202026,수집
싸이,싸이 흠뻑쇼 SUMMER SWAG 2026 - 대전,목원대학교 대운동장,대전,서구,2026-08-22,2026-08-23,2,콘서트,A,https://namu.wiki/w/%EC%8B%B8%EC%9D%B4%20%ED%9D%A0%EB%BB%91%EC%87%BC%202026,수집
ATEEZ,2024 ATEEZ WORLD TOUR [TOWARDS THE LIGHT : WILL TO POWER] IN SEOUL,잠실실내체육관,서울,송파구,2024-01-27,2024-01-28,2,콘서트,A,https://en.wikipedia.org/wiki/List_of_Ateez_concert_tours,수집
ATEEZ,2024 ATEEZ FANMEETING [ATINY'S VOYAGE : FROM A TO Z],잠실실내체육관,서울,송파구,2024-07-06,2024-07-07,2,팬미팅,B,https://namu.wiki/w/ATEEZ/%EA%B3%B5%EC%97%B0%20%EB%B0%8F%20%ED%96%89%EC%82%AC,수집
ATEEZ,2025 ATEEZ WORLD TOUR [TOWARDS THE LIGHT : WILL TO POWER] FINALE IN SEOUL,KSPO DOME,서울,송파구,2025-03-22,2025-03-23,2,콘서트,A,https://m.ticket.yes24.com/Perf/52326,수집
ATEEZ,ATEEZ 2025 WORLD TOUR [IN YOUR FANTASY] IN INCHEON,인스파이어 아레나,인천,중구,2025-07-05,2025-07-06,2,콘서트,A,https://m.ticket.yes24.com/Perf/53911,수집
ATEEZ,2026 ATEEZ FANMEETING <DAWN:26>,이화여자대학교 대강당,서울,서대문구,2026-01-17,2026-01-17,1,팬미팅,B,https://namu.wiki/w/ATEEZ/%EA%B3%B5%EC%97%B0%20%EB%B0%8F%20%ED%96%89%EC%82%AC,수집
ATEEZ,2026 ATEEZ FANMEETING [ATINY'S VOYAGE : TINY MYSTERY] IN SEOUL,고려대학교 화정체육관,서울,성북구,2026-07-17,2026-07-19,3,팬미팅,B,https://namu.wiki/w/ATEEZ/%EA%B3%B5%EC%97%B0%20%EB%B0%8F%20%ED%96%89%EC%82%AC,수집
RIIZE,2024 RIIZE FAN-CON TOUR [RIIZING DAY] IN SEOUL,잠실실내체육관,서울,송파구,2024-05-04,2024-05-05,2,팬미팅,A,https://en.wikipedia.org/wiki/Riizing_Day,수집
RIIZE,경희대학교 축제,경희대학교 서울캠퍼스,서울,동대문구,2024-05-24,2024-05-24,1,페스티벌출연,B,https://namu.wiki/w/RIIZE/%EA%B3%B5%EC%97%B0%20%EB%B0%8F%20%ED%96%89%EC%82%AC,수집
RIIZE,연세대학교 축제,연세대학교,서울,서대문구,2024-05-26,2024-05-26,1,페스티벌출연,B,https://namu.wiki/w/RIIZE/%EA%B3%B5%EC%97%B0%20%EB%B0%8F%20%ED%96%89%EC%82%AC,수집
RIIZE,2024 RIIZE FAN-CON TOUR [RIIZING DAY] FINALE IN SEOUL,KSPO DOME,서울,송파구,2024-09-13,2024-09-15,3,팬미팅,A,https://en.wikipedia.org/wiki/Riizing_Day,수집
RIIZE,우리모두콘서트,난지한강공원,서울,마포구,2024-09-28,2024-09-28,1,페스티벌출연,B,https://namu.wiki/w/RIIZE/%EA%B3%B5%EC%97%B0%20%EB%B0%8F%20%ED%96%89%EC%82%AC,수집
RIIZE,부산국제록페스티벌,,부산,,2024-10-06,2024-10-06,1,페스티벌출연,C,https://namu.wiki/w/RIIZE/%EA%B3%B5%EC%97%B0%20%EB%B0%8F%20%ED%96%89%EC%82%AC,수집
RIIZE,연세대학교 축제,연세대학교,서울,서대문구,2025-06-08,2025-06-08,1,페스티벌출연,B,https://namu.wiki/w/RIIZE/%EA%B3%B5%EC%97%B0%20%EB%B0%8F%20%ED%96%89%EC%82%AC,수집
RIIZE,2025 RIIZE CONCERT TOUR [RIIZING LOUD] IN SEOUL,KSPO DOME,서울,송파구,2025-07-04,2025-07-06,3,콘서트,A,https://en.wikipedia.org/wiki/Riizing_Loud,수집
RIIZE,광주대학교 축제,광주대학교,광주,,2025-09-25,2025-09-25,1,페스티벌출연,B,https://namu.wiki/w/RIIZE/%EA%B3%B5%EC%97%B0%20%EB%B0%8F%20%ED%96%89%EC%82%AC,수집
RIIZE,2026 RIIZE CONCERT TOUR [RIIZING LOUD] FINALE IN SEOUL,KSPO DOME,서울,송파구,2026-03-06,2026-03-08,3,콘서트,A,https://www.starnewskorea.com/music/2025/12/31/2025123108464877872,수집
RIIZE,인천대학교 축제,인천대학교,인천,연수구,2026-05-08,2026-05-08,1,페스티벌출연,B,https://namu.wiki/w/RIIZE/%EA%B3%B5%EC%97%B0%20%EB%B0%8F%20%ED%96%89%EC%82%AC,수집
RIIZE,서강대학교 축제,서강대학교,서울,마포구,2026-05-14,2026-05-14,1,페스티벌출연,B,https://namu.wiki/w/RIIZE/%EA%B3%B5%EC%97%B0%20%EB%B0%8F%20%ED%96%89%EC%82%AC,수집
RIIZE,성신여자대학교 축제,성신여자대학교,서울,성북구,2026-05-14,2026-05-14,1,페스티벌출연,B,https://namu.wiki/w/RIIZE/%EA%B3%B5%EC%97%B0%20%EB%B0%8F%20%ED%96%89%EC%82%AC,수집
RIIZE,RAPBEAT FESTIVAL 2026,,서울,,2026-06-20,2026-06-20,1,페스티벌출연,C,https://namu.wiki/w/RIIZE/%EA%B3%B5%EC%97%B0%20%EB%B0%8F%20%ED%96%89%EC%82%AC,수집
RIIZE,WATERBOMB SEOUL 2026,,서울,,2026-07-26,2026-07-26,1,페스티벌출연,C,https://namu.wiki/w/RIIZE/%EA%B3%B5%EC%97%B0%20%EB%B0%8F%20%ED%96%89%EC%82%AC,수집
RIIZE,2026 RIIZE 3RD ANNIVERSARY FANMEETING [Ch. RIIZE : ON AIR],,서울,,2026-09-12,2026-09-13,2,팬미팅,C,https://namu.wiki/w/RIIZE/%EA%B3%B5%EC%97%B0%20%EB%B0%8F%20%ED%96%89%EC%82%AC,수집
워너원,워너원 오프닝 세레모니 팬미팅,상암 DMC 문화공원,서울,마포구,2026-04-06,2026-04-06,1,팬미팅,A,https://v.daum.net/v/20260401121726260,수집
HOT,HANTEO MUSIC FESTIVAL IN KOREA,인스파이어 아레나,인천,중구,2025-11-22,2025-11-23,2,페스티벌출연,A,https://edaily.co.kr/News/Read?mediaCodeNo=258&newsId=01666246642297496,수집
BABYMONSTER,2024 BABYMONSTER PRESENTS : SEE YOU THERE FINALE IN SEOUL,경희대학교 평화의전당,서울,동대문구,2024-08-10,2024-08-11,2,팬미팅,A,https://www.allkpop.com/article/2024/07/babymonsters-first-seoul-fan-meeting-expands-with-additional-seats,수집
BABYMONSTER,BABYMONSTER 1st WORLD TOUR [HELLO MONSTERS] IN SEOUL,KSPO DOME,서울,송파구,2025-01-25,2025-01-26,2,콘서트,A,https://en.wikipedia.org/wiki/Hello_Monsters_World_Tour,수집
BABYMONSTER,2026-27 BABYMONSTER WORLD TOUR [춤 (CHOOM)] IN SEOUL,잠실실내체육관,서울,송파구,2026-06-26,2026-06-28,3,콘서트,A,https://en.wikipedia.org/wiki/Choom_World_Tour,수집
(여자)아이들,2024 (G)I-DLE WORLD TOUR [iDOL] IN SEOUL,KSPO DOME,서울,송파구,2024-08-03,2024-08-04,2,콘서트,A,https://en.wikipedia.org/wiki/I-dol_World_Tour,수집
(여자)아이들,2026 i-dle WORLD TOUR [Syncopation] IN SEOUL,KSPO DOME,서울,송파구,2026-02-21,2026-02-22,2,콘서트,A,https://en.wikipedia.org/wiki/Syncopation_World_Tour,수집
박서진,2025-26 박서진 전국투어 콘서트 <MY NAME IS SEOJIN> - 서울,코엑스 Hall D,서울,강남구,2025-12-27,2025-12-28,2,콘서트,A,https://www.stagepick.co.kr/performances/detail/210071,수집
박서진,2025-26 박서진 전국투어 콘서트 <MY NAME IS SEOJIN> - 대전,DCC 대전컨벤션센터,대전,유성구,2026-01-10,2026-01-11,2,콘서트,A,https://www.stagepick.co.kr/performances/detail/210071,수집
박서진,2025-26 박서진 전국투어 콘서트 <MY NAME IS SEOJIN> - 고양(일산),킨텍스,경기,고양시,2026-02-21,2026-02-22,2,콘서트,A,https://www.stagepick.co.kr/performances/detail/210071,수집
박서진,2025-26 박서진 전국투어 콘서트 <MY NAME IS SEOJIN> - 부산,BEXCO 오디토리움,부산,해운대구,2026-03-07,2026-03-08,2,콘서트,A,https://www.stagepick.co.kr/performances/detail/210071,수집
박서진,2025-26 박서진 전국투어 콘서트 <MY NAME IS SEOJIN> - 광주,광주여자대학교 시립유니버시아드체육관,광주,광산구,2026-05-09,2026-05-10,2,콘서트,A,https://www.stagepick.co.kr/performances/detail/212513,수집
박서진,2025-26 박서진 전국투어 콘서트 <MY NAME IS SEOJIN> - 대구,경북대학교 대강당,대구,북구,2026-06-13,2026-06-14,2,콘서트,A,https://www.stagepick.co.kr/performances/detail/210071,수집
박서진,2025-26 박서진 전국투어 콘서트 <MY NAME IS SEOJIN> - 서울 앵콜,티켓링크 라이브 아레나,서울,,2026-07-04,2026-07-05,2,콘서트,B,https://www.topstarnews.net/news/articleView.html?idxno=16062173,수집
LE SSERAFIM,LE SSERAFIM FAN MEETING 'FEARNADA' 2024 S/S IN SEOUL,잠실실내체육관,서울,송파구,2024-05-11,2024-05-12,2,팬미팅,A,https://namu.wiki/w/LE%20SSERAFIM%20FAN%20MEETING%20'FEARNADA'%202024%20S/S,수집
LE SSERAFIM,2025 LE SSERAFIM TOUR 'EASY CRAZY HOT' IN INCHEON,인스파이어 아레나,인천,중구,2025-04-19,2025-04-20,2,콘서트,A,https://en.wikipedia.org/wiki/Easy_Crazy_Hot_Tour,수집
LE SSERAFIM,2025 LE SSERAFIM TOUR 'EASY CRAZY HOT' ENCORE IN SEOUL,잠실실내체육관,서울,송파구,2026-01-31,2026-02-01,2,콘서트,A,https://en.wikipedia.org/wiki/Easy_Crazy_Hot_Tour,수집
LE SSERAFIM,2026 LE SSERAFIM TOUR 'PUREFLOW' IN INCHEON,인스파이어 아레나,인천,중구,2026-07-11,2026-07-12,2,콘서트,A,https://en.wikipedia.org/wiki/Pureflow_Tour,수집
GOT7,2025 GOT7 CONCERT <NESTFEST> IN SEOUL,SK올림픽핸드볼경기장,서울,송파구,2025-01-31,2025-02-02,3,콘서트,A,https://namu.wiki/w/NESTFEST,수집
레드벨벳,"2024 Red Velvet FANCON TOUR <HAPPINESS : My Dear, ReVe1uv> in SEOUL",SK올림픽핸드볼경기장,서울,송파구,2024-08-02,2024-08-04,3,팬미팅,A,"https://en.wikipedia.org/wiki/Happiness:_My_Dear,_ReVe1uv",수집
레드벨벳,2026 Red Velvet FAN-CON <A Day in Red & Velvet>,고려대학교 화정체육관,서울,성북구,2026-07-31,2026-08-02,3,팬미팅,A,https://namu.wiki/w/A%20Day%20in%20Red%20&%20Velvet,수집
DAY6,DAY6 CONCERT [Welcome to the Show],잠실실내체육관,서울,송파구,2024-04-12,2024-04-14,3,콘서트,A,https://en.wikipedia.org/wiki/List_of_Day6_concert_tours,수집
DAY6,DAY6 3RD WORLD TOUR <FOREVER YOUNG> IN INCHEON,인스파이어 아레나,인천,중구,2024-09-20,2024-09-22,3,콘서트,A,https://en.wikipedia.org/wiki/List_of_Day6_concert_tours,수집
DAY6,DAY6 크리스마스 스페셜 콘서트,고척스카이돔,서울,구로구,2024-12-20,2024-12-21,2,콘서트,B,https://en.wikipedia.org/wiki/List_of_Day6_concert_tours,수집
DAY6,DAY6 3RD WORLD TOUR <FOREVER YOUNG> IN BUSAN,BEXCO 제1전시장,부산,해운대구,2025-02-01,2025-02-02,2,콘서트,A,https://www.gukjenews.com/news/articleView.html?idxno=3170429,수집
DAY6,DAY6 3RD WORLD TOUR <FOREVER YOUNG> IN DAEJEON,대전컨벤션센터,대전,유성구,2025-03-02,2025-03-03,2,콘서트,A,https://www.gukjenews.com/news/articleView.html?idxno=3170429,수집
DAY6,DAY6 3RD WORLD TOUR <FOREVER YOUNG> IN GWANGJU,광주여자대학교 시립유니버시아드체육관,광주,광산구,2025-03-15,2025-03-16,2,콘서트,A,https://en.wikipedia.org/wiki/List_of_Day6_concert_tours,수집
DAY6,DAY6 3RD WORLD TOUR <FOREVER YOUNG> IN DAEGU,EXCO,대구,북구,2025-03-29,2025-03-30,2,콘서트,A,https://www.gukjenews.com/news/articleView.html?idxno=3170429,수집
DAY6,DAY6 3RD WORLD TOUR <FOREVER YOUNG> FINALE IN SEOUL,KSPO DOME,서울,송파구,2025-05-09,2025-05-18,1,콘서트,B,https://en.wikipedia.org/wiki/List_of_Day6_concert_tours,수집
DAY6,DAY6 4TH FANMEETING <PIER 10: All My Days>,잠실실내체육관,서울,송파구,2025-07-18,2025-07-27,6,팬미팅,A,https://namu.wiki/w/PIER%2010:%20All%20My%20Days,수집
DAY6,DAY6 10th Anniversary Tour <The DECADE> IN GOYANG,고양종합운동장 주경기장,경기,고양시,2025-08-30,2025-08-31,2,콘서트,A,https://namu.wiki/w/The%20DECADE(%EC%BD%98%EC%84%9C%ED%8A%B8),수집
DAY6,DAY6 2025 CONCERT <The Present>,KSPO DOME,서울,송파구,2025-12-19,2025-12-21,3,콘서트,A,https://www.starnewskorea.com/music/2025/11/03/2025110310502441077,수집
DAY6,DAY6 10th Anniversary Tour <The DECADE> IN DAEGU,EXCO,대구,북구,2026-02-07,2026-02-08,2,콘서트,A,https://namu.wiki/w/The%20DECADE(%EC%BD%98%EC%84%9C%ED%8A%B8),수집
DAY6,DAY6 10th Anniversary Tour <The DECADE> IN GWANGJU,김대중컨벤션센터,광주,서구,2026-03-14,2026-03-15,2,콘서트,A,https://namu.wiki/w/The%20DECADE(%EC%BD%98%EC%84%9C%ED%8A%B8),수집
DAY6,DAY6 10th Anniversary Tour <The DECADE> IN DAEJEON,대전컨벤션센터,대전,유성구,2026-03-21,2026-03-22,2,콘서트,A,https://namu.wiki/w/The%20DECADE(%EC%BD%98%EC%84%9C%ED%8A%B8),수집
DAY6,DAY6 10th Anniversary Tour <The DECADE> IN BUSAN,BEXCO,부산,해운대구,2026-05-16,2026-05-17,2,콘서트,A,https://namu.wiki/w/The%20DECADE(%EC%BD%98%EC%84%9C%ED%8A%B8),수집
DAY6,DAY6 10th Anniversary Tour <The DECADE> FINALE IN SEOUL,KSPO DOME,서울,송파구,2026-07-03,2026-07-05,3,콘서트,A,https://namu.wiki/w/The%20DECADE(%EC%BD%98%EC%84%9C%ED%8A%B8),수집
영탁,"2024 영탁 단독 콘서트 ""TAK SHOW3"" - 서울",KSPO DOME,서울,송파구,2024-10-25,2024-10-27,3,콘서트,A,https://nomadlee.com/2024-%EC%98%81%ED%83%81-%EB%8B%A8%EB%8F%85-%EC%BD%98%EC%84%9C%ED%8A%B8-%EC%9D%BC%EC%A0%95/,수집
영탁,"2024 영탁 단독 콘서트 ""TAK SHOW3"" - 광주",,광주,,2024-11-09,2024-11-10,2,콘서트,B,https://www.stagepick.co.kr/performances/detail/191864,수집
영탁,"2024 영탁 단독 콘서트 ""TAK SHOW3"" - 강릉",가톨릭관동대학교 세바스티아노스포츠센터,강원,강릉시,2024-11-23,2024-11-24,2,콘서트,A,https://www.stagepick.co.kr/performances/detail/191864,수집
영탁,"2024 영탁 단독 콘서트 ""TAK SHOW3"" - 대구",,대구,,2024-11-30,2024-12-01,2,콘서트,B,https://www.stagepick.co.kr/performances/detail/191864,수집
영탁,"2024 영탁 단독 콘서트 ""TAK SHOW3"" - 안동",,경북,안동시,2024-12-14,2024-12-15,2,콘서트,B,https://www.stagepick.co.kr/performances/detail/191864,수집
영탁,"2024 영탁 단독 콘서트 ""TAK SHOW3"" - 대전",,대전,,2024-12-28,2024-12-29,2,콘서트,B,https://www.stagepick.co.kr/performances/detail/191864,수집
영탁,"2024 영탁 단독 콘서트 ""TAK SHOW3"" - 부산",,부산,,2025-01-11,2025-01-12,2,콘서트,B,https://www.stagepick.co.kr/performances/detail/191864,수집
영탁,"2024 영탁 단독 콘서트 ""TAK SHOW3"" - 인천",,인천,,2025-01-18,2025-01-19,2,콘서트,B,https://www.stagepick.co.kr/performances/detail/191864,수집
영탁,"2024 영탁 단독 콘서트 ""TAK SHOW3"" - 서울 앵콜",,서울,,2025-02-22,2025-02-23,2,콘서트,B,https://www.stagepick.co.kr/performances/detail/191864,수집
영탁,"2025 영탁 단독 콘서트 ""TAK SHOW4"" - 서울",잠실실내체육관,서울,송파구,2025-08-08,2025-08-10,3,콘서트,A,https://www.stagepick.co.kr/performances/detail/200740,수집
영탁,"2025 영탁 단독 콘서트 ""TAK SHOW4"" - 대전",DCC 대전컨벤션센터,대전,유성구,2025-08-30,2025-08-31,2,콘서트,A,https://www.stagepick.co.kr/performances/detail/200740,수집
영탁,"2025 영탁 단독 콘서트 ""TAK SHOW4"" - 전주",한국소리문화의전당 야외공연장,전북,전주시,2025-09-06,2025-09-07,2,콘서트,A,https://www.stagepick.co.kr/performances/detail/200740,수집
영탁,"2025 영탁 단독 콘서트 ""TAK SHOW4"" - 대구",EXCO,대구,북구,2025-09-20,2025-09-21,2,콘서트,A,https://www.stagepick.co.kr/performances/detail/200740,수집
영탁,"2025 영탁 단독 콘서트 ""TAK SHOW4"" - 인천",송도컨벤시아,인천,연수구,2025-10-11,2025-10-12,2,콘서트,A,https://www.stagepick.co.kr/performances/detail/200740,수집
영탁,"2025 영탁 단독 콘서트 ""TAK SHOW4"" - 안동",안동체육관,경북,안동시,2025-10-25,2025-10-26,2,콘서트,A,https://www.stagepick.co.kr/performances/detail/204388,수집
영탁,"2025 영탁 단독 콘서트 ""TAK SHOW4"" - 청주",청주대학교 석우문화체육관,충북,청주시,2025-11-08,2025-11-09,2,콘서트,A,https://www.stagepick.co.kr/performances/detail/200740,수집
영탁,"2025 영탁 단독 콘서트 ""TAK SHOW4"" - 서울 앵콜",잠실실내체육관,서울,송파구,2026-01-09,2026-01-11,3,콘서트,A,https://www.stagepick.co.kr/performances/detail/200740,수집
몬스타엑스,2025 MONSTA X CONCERT <CONNECT X>,KSPO DOME,서울,송파구,2025-07-18,2025-07-20,3,콘서트,A,https://edaily.co.kr/News/Read?mediaCodeNo=258&newsId=02184486642169248,수집
몬스타엑스,2026 MONSTA X WORLD TOUR [THE X : NEXUS] IN SEOUL,KSPO DOME,서울,송파구,2026-01-30,2026-02-01,3,콘서트,A,https://www.stagepick.co.kr/performances/detail/208637,수집
이찬원,2024 이찬원 콘서트 '찬가(燦歌)' - 서울,KSPO DOME,서울,송파구,2024-06-08,2024-06-09,2,콘서트,A,https://ticket.yes24.com/Perf/49577,수집
이찬원,2024 이찬원 콘서트 '찬가(燦歌)' - 인천,삼산월드체육관,인천,부평구,2024-06-22,2024-06-23,2,콘서트,A,https://ticket.yes24.com/Perf/49578,수집
이찬원,2024 이찬원 콘서트 '찬가(燦歌)' - 안동,안동실내체육관,경북,안동시,2024-07-13,2024-07-14,2,콘서트,A,http://ticket.yes24.com/Perf/49579,수집
이찬원,2024 이찬원 콘서트 '찬가(燦歌)' - 수원,수원실내체육관,경기,수원시,2024-07-27,2024-07-28,2,콘서트,B,https://m.ekn.kr/view.php?key=20240722024270867,수집
이찬원,2024 이찬원 콘서트 '찬가(燦歌)' - 부산,BEXCO 제1전시장,부산,해운대구,2024-09-21,2024-09-22,2,콘서트,A,https://m.ekn.kr/view.php?key=20240722024270867,수집
이찬원,2024 이찬원 콘서트 '찬가(燦歌)' - 대구,EXCO 동관,대구,북구,2024-10-12,2024-10-13,2,콘서트,A,https://m.ekn.kr/view.php?key=20240722024270867,수집
이찬원,2024 이찬원 콘서트 '찬가(燦歌)' - 청주,청주대학교 석우문화체육관,충북,청주시,2024-11-02,2024-11-03,2,콘서트,A,https://ticket.yes24.com/Perf/50432,수집
이찬원,2024 이찬원 콘서트 '찬가(燦歌)' - 광주,김대중컨벤션센터,광주,서구,2024-11-23,2024-11-24,2,콘서트,A,https://m.ekn.kr/view.php?key=20240722024270867,수집
이찬원,2024 이찬원 콘서트 '찬가(燦歌)' - 서울 앵콜,KSPO DOME,서울,송파구,2024-12-13,2024-12-15,3,콘서트,A,http://m.ticket.yes24.com/Perf/51168,수집
이찬원,2025-2026 이찬원 콘서트 <찬가 : 찬란한 하루> - 서울,잠실실내체육관,서울,송파구,2025-12-12,2025-12-14,3,콘서트,A,https://www.stagepick.co.kr/performances/detail/208016,수집
이찬원,2025-2026 이찬원 콘서트 <찬가 : 찬란한 하루> - 대구,EXCO 동관,대구,북구,2025-12-25,2025-12-28,4,콘서트,A,https://www.stagepick.co.kr/performances/detail/208016,수집
이찬원,2025-2026 이찬원 콘서트 <찬가 : 찬란한 하루> - 인천,송도컨벤시아,인천,연수구,2026-01-10,2026-01-11,2,콘서트,A,https://www.stagepick.co.kr/performances/detail/208016,수집
이찬원,2025-2026 이찬원 콘서트 <찬가 : 찬란한 하루> - 부산,BEXCO 제1전시장,부산,해운대구,2026-01-31,2026-02-01,2,콘서트,A,https://www.stagepick.co.kr/performances/detail/208016,수집
이찬원,2025-2026 이찬원 콘서트 <찬가 : 찬란한 하루> - 진주,진주실내체육관,경남,진주시,2026-02-21,2026-02-22,2,콘서트,A,https://www.stagepick.co.kr/performances/detail/208016,수집
이찬원,2025-2026 이찬원 콘서트 <찬가 : 찬란한 하루> - 광주,김대중컨벤션센터,광주,서구,2026-03-07,2026-03-08,2,콘서트,A,https://www.stagepick.co.kr/performances/detail/208016,수집
이찬원,2025-2026 이찬원 콘서트 <찬가 : 찬란한 하루> - 대전,대전컨벤션센터,대전,유성구,2026-03-28,2026-03-29,2,콘서트,A,https://www.stagepick.co.kr/performances/detail/208016,수집
이찬원,2025-2026 이찬원 콘서트 <찬가 : 찬란한 하루> - 서울 앵콜,KSPO DOME,서울,송파구,2026-05-09,2026-05-10,2,콘서트,A,https://www.stagepick.co.kr/performances/detail/208016,수집
정동원,2024 DMZ 평화콘서트,,경기,파주시,2024-09-07,2024-09-07,1,페스티벌출연,B,https://www.stagepick.co.kr/artists/detail/989,수집
정동원,제30회 드림콘서트,,경기,고양시,2024-10-19,2024-10-19,1,페스티벌출연,B,https://www.stagepick.co.kr/artists/detail/989,수집
정동원,정동원棟동 이야기話화 3rd 전국투어 콘서트 - 서울,올림픽공원 올림픽홀,서울,송파구,2025-03-28,2025-03-30,3,콘서트,A,https://www.stagepick.co.kr/artists/detail/989,수집
정동원,정동원棟동 이야기話화 3rd 전국투어 콘서트 - 부산,벡스코 오디토리움,부산,해운대구,2025-04-12,2025-04-13,2,콘서트,A,https://www.stagepick.co.kr/artists/detail/989,수집
정동원,정동원棟동 이야기話화 3rd 전국투어 콘서트 - 인천,송도컨벤시아,인천,연수구,2025-04-26,2025-04-27,2,콘서트,A,https://www.stagepick.co.kr/artists/detail/989,수집
정동원,정동원棟동 이야기話화 3rd 전국투어 콘서트 - 대구,,대구,,2025-05-03,2025-05-04,2,콘서트,A,https://www.stagepick.co.kr/artists/detail/989,수집
정동원,정동원棟동 이야기話화 3rd 전국투어 콘서트 - 성남,,경기,성남시,2025-05-10,2025-05-11,2,콘서트,A,https://www.stagepick.co.kr/artists/detail/989,수집
정동원,정동원棟동 이야기話화 3rd 전국투어 콘서트 - 수원,,경기,수원시,2025-05-24,2025-05-25,2,콘서트,A,https://www.stagepick.co.kr/artists/detail/989,수집
정동원,정동원棟동 이야기話화 3rd 전국투어 콘서트 - 대전,,대전,,2025-05-31,2025-06-01,2,콘서트,A,https://www.stagepick.co.kr/artists/detail/989,수집
정동원,2026 정동원 팬 콘서트 '오늘을 건너 내일 다시 만나는 길',킨텍스 제1전시장 1홀,경기,고양시,2026-02-13,2026-02-13,1,팬미팅,B,https://www.stagepick.co.kr/artists/detail/989,수집
정동원,2024 파크 콘서트,,경기,성남시,,,1,페스티벌출연,C,https://www.stagepick.co.kr/artists/detail/989,수집
IKON,2024 iKON FAN CONCERT : CURTAIN-CALL,KBS아레나,서울,강서구,2024-03-09,2024-03-09,1,팬미팅,A,https://www.ticketlink.co.kr/help/notice/58640,수집
IKON,iKON FOUREVER TOUR in SEOUL,장충체육관,서울,중구,2026-05-16,2026-05-17,2,콘서트,A,https://www.newspim.com/news/view/20260319000909,수집
아이오아이,2026 I.O.I Concert Tour: LOOP in SEOUL,잠실실내체육관,서울,송파구,2026-05-29,2026-05-31,3,콘서트,A,https://namu.wiki/w/2026%20I.O.I%20Concert%20Tour:%20LOOP,수집
이영지,LEE YOUNGJI 1st ASIA TOUR 'THE MAIN CHARACTER' in SEOUL,,서울,,2024-02-17,2024-02-18,2,콘서트,A,https://www.stagepick.co.kr/artists/detail/164,수집
이영지,HIPHOPPLAYA FESTIVAL 2024,,서울,,2024-05-04,2024-05-05,1,페스티벌출연,B,https://www.stagepick.co.kr/artists/detail/164,수집
이영지,서울재즈페스티벌 2024,올림픽공원,서울,송파구,2024-05-31,2024-06-02,1,페스티벌출연,B,https://www.stagepick.co.kr/artists/detail/164,수집
이영지,HIPHOPPLAYA FESTIVAL 2025,킨텍스,경기,고양시,2025-05-03,2025-05-03,1,페스티벌출연,A,https://www.stagepick.co.kr/artists/detail/164,수집
이영지,슈퍼팝 2025 코리아,킨텍스,경기,고양시,2025-05-17,2025-05-18,1,페스티벌출연,B,https://www.stagepick.co.kr/artists/detail/164,수집
이영지,서울재즈페스티벌 2025,올림픽공원,서울,송파구,2025-05-30,2025-06-01,1,페스티벌출연,B,https://www.stagepick.co.kr/artists/detail/164,수집
이영지,MyK FESTA,KSPO DOME,서울,송파구,2025-06-19,2025-06-21,1,페스티벌출연,B,https://www.stagepick.co.kr/artists/detail/164,수집
이영지,워터밤 서울 2025,킨텍스 야외 글로벌 스테이지,경기,고양시,2025-07-04,2025-07-06,1,페스티벌출연,B,https://www.waterbombfestival.com/post/%EC%9B%8C%ED%84%B0%EB%B0%A4-%EC%84%9C%EC%9A%B8-2025-%EA%B0%9C%EC%B5%9C-%EC%9E%A5%EC%86%8C%EB%8A%94-%ED%82%A8%ED%85%8D%EC%8A%A4-%EC%95%BC%EC%99%B8-%EA%B8%80%EB%A1%9C%EB%B2%8C-%EC%8A%A4%ED%85%8C%EC%9D%B4%EC%A7%80-7%EC%9B%94-4~6%EC%9D%BC,수집
이영지,워터밤 속초 2025,한화리조트 설악 쏘라노,강원,속초시,2025-08-23,2025-08-23,1,페스티벌출연,A,https://www.stagepick.co.kr/artists/detail/164,수집
이영지,DMZ OPEN 콘서트 - 파주,임진각 평화누리 야외공연장,경기,파주시,2025-09-06,2025-09-06,1,페스티벌출연,B,https://www.stagepick.co.kr/artists/detail/164,수집
이영지,쇼미더머니 콘서트 - WAKE UP,올림픽공원 올림픽홀,서울,송파구,2025-09-06,2025-09-07,1,콘서트,B,https://www.stagepick.co.kr/artists/detail/164,수집
이영지,KB 조이올팍 페스티벌 2025,올림픽공원 88잔디마당,서울,송파구,2025-09-20,2025-09-21,1,페스티벌출연,B,https://www.stagepick.co.kr/artists/detail/164,수집
이영지,구미 청춘 힙합 페스티벌,동락공원,경북,구미시,2025-10-18,2025-10-18,1,페스티벌출연,A,https://www.stagepick.co.kr/artists/detail/164,수집
이영지,2025 Color in Music Festival - 인천,파라다이스시티,인천,중구,2025-11-01,2025-11-02,1,페스티벌출연,B,https://www.stagepick.co.kr/artists/detail/164,수집
이영지,2026 LEE YOUNGJI WORLD TOUR <2.0> IN SEOUL,올림픽공원 올림픽홀,서울,송파구,2026-03-07,2026-03-08,2,콘서트,A,https://www.sportsseoul.com/news/read/1584723,수집
이영지,HIPHOPPLAYA FESTIVAL 2026 - 고양,,경기,고양시,2026-05-02,2026-05-02,1,페스티벌출연,A,https://www.stagepick.co.kr/artists/detail/164,수집
이영지,2026 울산뮤직페스티벌,,울산,,2026-06-14,2026-06-15,1,페스티벌출연,B,https://www.stagepick.co.kr/artists/detail/164,수집
이영지,2026 부산원아시아페스티벌 Big CONCERT,,부산,,2026-06-27,2026-06-28,1,페스티벌출연,B,https://www.stagepick.co.kr/artists/detail/164,수집
이영지,워터밤 서울 2026,,서울,,2026-07-24,2026-07-26,1,페스티벌출연,B,https://www.stagepick.co.kr/artists/detail/164,수집
이영지,워터밤 속초 2026,,강원,속초시,2026-08-22,2026-08-22,1,페스티벌출연,A,https://www.stagepick.co.kr/artists/detail/164,수집
이영지,테라와 함께하는 2026 이슬라이브 페스티벌 - 인천,,인천,,2026-09-12,2026-09-12,1,페스티벌출연,A,https://www.stagepick.co.kr/artists/detail/164,수집
박효신,박효신 LIVE A & E 2026,인천문학경기장 주경기장,인천,미추홀구,2026-04-04,2026-04-11,3,콘서트,A,https://www.stagepick.co.kr/performances/detail/210610,수집
아일릿,2025 ILLIT GLITTER DAY IN SEOUL,올림픽공원 올림픽홀,서울,송파구,2025-06-07,2025-06-08,2,팬미팅,A,https://namu.wiki/w/2025%20ILLIT%20GLITTER%20DAY,수집
아일릿,2025 ILLIT GLITTER DAY IN SEOUL (앙코르),올림픽공원 올림픽홀,서울,송파구,2025-11-08,2025-11-09,2,팬미팅,A,https://namu.wiki/w/2025%20ILLIT%20GLITTER%20DAY,수집
아일릿,ILLIT LIVE 'PRESS START♥︎' in SEOUL,티켓링크 라이브 아레나,서울,송파구,2026-03-14,2026-03-15,2,콘서트,A,https://namu.wiki/w/ILLIT%20LIVE%20'PRESS%20START%E2%99%A5%EF%B8%8E',수집
송가인,"2024 송가인 전국투어 콘서트 ""가인(佳人)의 선물"" - 서울",장충체육관,서울,중구,2024-03-16,2024-03-17,2,콘서트,A,http://m.ticket.yes24.com/Perf/48845,수집
송가인,"2024 송가인 전국투어 콘서트 ""가인(佳人)의 선물"" - 인천",남동체육관,인천,남동구,2024-03-23,2024-03-23,1,콘서트,A,https://magazine.musicow.com/%ED%8A%B8%EB%A1%9C%ED%8A%B8-%EB%A7%A4%EB%A0%A5-%EC%86%8D%EC%9C%BC%EB%A1%9C-2024-%EC%86%A1%EA%B0%80%EC%9D%B8-%EC%BD%98%EC%84%9C%ED%8A%B8-%EC%A0%84%EA%B5%AD-%ED%88%AC%EC%96%B4-%EC%9E%A5%EC%86%8C/,수집
송가인,"2024 송가인 전국투어 콘서트 ""가인(佳人)의 선물"" - 익산",원광대학교 문화체육관,전북,익산시,2024-03-30,2024-03-30,1,콘서트,A,https://magazine.musicow.com/%ED%8A%B8%EB%A1%9C%ED%8A%B8-%EB%A7%A4%EB%A0%A5-%EC%86%8D%EC%9C%BC%EB%A1%9C-2024-%EC%86%A1%EA%B0%80%EC%9D%B8-%EC%BD%98%EC%84%9C%ED%8A%B8-%EC%A0%84%EA%B5%AD-%ED%88%AC%EC%96%B4-%EC%9E%A5%EC%86%8C/,수집
송가인,"2024 송가인 전국투어 콘서트 ""가인(佳人)의 선물"" - 순천",순천만 에코문화교육센터 다목적홀,전남,순천시,2024-04-06,2024-04-06,1,콘서트,A,https://www.stagepick.co.kr/performances/detail/188511,수집
송가인,"2024 송가인 전국투어 콘서트 ""가인(佳人)의 선물"" - 수원",경기아트센터,경기,수원시,,,1,콘서트,C,https://www.ggac.or.kr/?p=14_view&idSchedule=12199&rp=14&ptype=2&year=2024&month=04,수집
김동률,2025 김동률 콘서트 '산책',KSPO DOME,서울,송파구,2025-11-08,2025-11-16,7,콘서트,A,https://www.stagepick.co.kr/performances/detail/203837,수집
슈퍼주니어,2024 SUPER JUNIOR <SUPER SHOW SPIN-OFF : Halftime> in SEOUL,KSPO DOME,서울,송파구,2024-06-22,2024-06-23,2,콘서트,A,https://www.xportsnews.com/article/1848831,수집
슈퍼주니어,SUPER JUNIOR WORLD TOUR - SUPER SHOW 10 in SEOUL,KSPO DOME,서울,송파구,2025-08-22,2025-08-24,3,콘서트,A,https://en.wikipedia.org/wiki/Super_Show_10,수집
슈퍼주니어,SUPER SHOW 10 : SJ-CORE (앙코르) in SEOUL,KSPO DOME,서울,송파구,2026-04-03,2026-04-05,3,콘서트,A,https://en.wikipedia.org/wiki/Super_Show_10,수집
박재범,2025 Jay Park World Tour 'Serenades & Body Rolls' In Seoul,올림픽공원 핸드볼경기장,서울,송파구,2025-05-24,2025-05-25,2,콘서트,A,https://www.starnewskorea.com/music/2025/03/19/2025031918264370271,수집
박재범,2026 JAY PARK WORLD TOUR 'SERENADES & BODY ROLLS' IN SEOUL : THE REPLAY,잠실실내체육관,서울,송파구,2026-08-29,2026-08-30,2,콘서트,A,https://www.starnewskorea.com/music/2026/08/31/2026083109472858349,수집
윤하,데뷔 20주년 기념 콘서트 <스물> in 서울,KSPO DOME(올림픽체조경기장),서울,송파구,2024-02-03,2024-02-04,2,콘서트,A,https://namu.wiki/w/%EC%9C%A4%ED%95%98/%EA%B3%B5%EC%97%B0%20%EB%AA%A9%EB%A1%9D,수집
윤하,데뷔 20주년 기념 콘서트 <스물> in 대전,대전컨벤션센터 제2전시장,대전,유성구,2024-02-24,2024-02-24,1,콘서트,A,https://namu.wiki/w/%EC%9C%A4%ED%95%98/%EA%B3%B5%EC%97%B0%20%EB%AA%A9%EB%A1%9D,수집
윤하,데뷔 20주년 기념 콘서트 <스물> in 대구,EXCO 컨벤션홀,대구,북구,2024-03-09,2024-03-09,1,콘서트,A,https://namu.wiki/w/%EC%9C%A4%ED%95%98/%EA%B3%B5%EC%97%B0%20%EB%AA%A9%EB%A1%9D,수집
윤하,데뷔 20주년 기념 콘서트 <스물> in 광주,광주여자대학교 유니버시아드체육관,광주,광산구,2024-03-16,2024-03-16,1,콘서트,A,https://namu.wiki/w/%EC%9C%A4%ED%95%98/%EA%B3%B5%EC%97%B0%20%EB%AA%A9%EB%A1%9D,수집
윤하,데뷔 20주년 기념 콘서트 <스물> in 부산,BEXCO 제1전시장,부산,해운대구,2024-03-23,2024-03-23,1,콘서트,A,https://namu.wiki/w/%EC%9C%A4%ED%95%98/%EA%B3%B5%EC%97%B0%20%EB%AA%A9%EB%A1%9D,수집
윤하,2024 윤하 연말 콘서트 <GROWTH THEORY> in 서울,KSPO DOME(올림픽체조경기장),서울,송파구,2024-11-15,2024-11-17,3,콘서트,A,https://namu.wiki/w/%EC%9C%A4%ED%95%98/%EA%B3%B5%EC%97%B0%20%EB%AA%A9%EB%A1%9D,수집
윤하,2024 윤하 연말 콘서트 <GROWTH THEORY> in 인천,송도컨벤시아 4홀,인천,연수구,2024-11-30,2024-11-30,1,콘서트,A,https://namu.wiki/w/%EC%9C%A4%ED%95%98/%EA%B3%B5%EC%97%B0%20%EB%AA%A9%EB%A1%9D,수집
윤하,2024 윤하 연말 콘서트 <GROWTH THEORY> in 대구,EXCO 동관 6홀,대구,북구,2024-12-14,2024-12-14,1,콘서트,A,https://namu.wiki/w/%EC%9C%A4%ED%95%98/%EA%B3%B5%EC%97%B0%20%EB%AA%A9%EB%A1%9D,수집
윤하,2024 윤하 연말 콘서트 <GROWTH THEORY> in 부산,BEXCO 제1전시장,부산,해운대구,2024-12-25,2024-12-25,1,콘서트,A,https://namu.wiki/w/%EC%9C%A4%ED%95%98/%EA%B3%B5%EC%97%B0%20%EB%AA%A9%EB%A1%9D,수집
윤하,2025 윤하 앵콜 콘서트 <GROWTH THEORY : Final Edition>,KSPO DOME(올림픽체조경기장),서울,송파구,2025-02-14,2025-02-16,3,콘서트,A,https://namu.wiki/w/GROWTH%20THEORY:%20Final%20Edition(%EC%BD%98%EC%84%9C%ED%8A%B8),수집
윤하,2026 윤하 소극장 콘서트 <빛나는 겨울>,이화여자대학교 삼성홀,서울,서대문구,2026-01-09,2026-02-01,12,콘서트,A,https://www.ytn.co.kr/_ln/0117_202511271020358406,수집
빅뱅,BIGBANG 2026-2027 WORLD TOUR < XX : COSMOS > IN GOYANG,고양종합운동장 주경기장,경기,고양시,2026-08-21,2026-08-23,3,콘서트,A,https://namu.wiki/w/BIGBANG%202026-2027%20WORLD%20TOUR%20%3C%20XX%20:%20COSMOS%20%3E,수집
리센느(RESCENE),청소년 자원봉사 페스티벌,여의도한강공원,서울,영등포구,2024-05-11,2024-05-11,1,페스티벌출연,B,https://namu.wiki/w/RESCENE/%EA%B3%B5%EC%97%B0%20%EB%B0%8F%20%ED%96%89%EC%82%AC,수집
리센느(RESCENE),어린이 청소년 인권 페스티벌,보라매공원,서울,동작구,2024-05-31,2024-05-31,1,페스티벌출연,B,https://namu.wiki/w/RESCENE/%EA%B3%B5%EC%97%B0%20%EB%B0%8F%20%ED%96%89%EC%82%AC,수집
리센느(RESCENE),거제 바다로 세계로,,경남,거제시,2024-07-27,2024-07-27,1,페스티벌출연,B,https://namu.wiki/w/RESCENE/%EA%B3%B5%EC%97%B0%20%EB%B0%8F%20%ED%96%89%EC%82%AC,수집
리센느(RESCENE),삼성 라이온즈 경기 행사 출연,,대구,,2024-08-03,2024-08-03,1,기타,B,https://namu.wiki/w/RESCENE/%EA%B3%B5%EC%97%B0%20%EB%B0%8F%20%ED%96%89%EC%82%AC,수집
리센느(RESCENE),계명대학교 가을연합대축제,계명대학교 성서캠퍼스,대구,달서구,2024-09-26,2024-09-26,1,페스티벌출연,B,https://namu.wiki/w/RESCENE/%EA%B3%B5%EC%97%B0%20%EB%B0%8F%20%ED%96%89%EC%82%AC,수집
리센느(RESCENE),고려대학교 가을축제,고려대학교,서울,성북구,2024-10-10,2024-10-10,1,페스티벌출연,B,https://namu.wiki/w/RESCENE/%EA%B3%B5%EC%97%B0%20%EB%B0%8F%20%ED%96%89%EC%82%AC,수집
리센느(RESCENE),2025 RESCENE 1st FAN-CON [Project 326],성신여자대학교 운정그린캠퍼스 대강당,서울,성북구,2025-08-09,2025-08-09,1,팬미팅,A,https://namu.wiki/w/Project%20326,수집
리센느(RESCENE),인천국제공항 SKY FESTIVAL,인천국제공항,인천,중구,2025-11-08,2025-11-08,1,페스티벌출연,B,https://namu.wiki/w/RESCENE/%EA%B3%B5%EC%97%B0%20%EB%B0%8F%20%ED%96%89%EC%82%AC,수집
리센느(RESCENE),걸그루브 스페셜 콘서트,NOL 씨어터 합정,서울,마포구,2026-04-05,2026-04-05,1,콘서트,B,https://namu.wiki/w/RESCENE/%EA%B3%B5%EC%97%B0%20%EB%B0%8F%20%ED%96%89%EC%82%AC,수집
리센느(RESCENE),ONE UNIVERSE FESTIVAL,,인천,,2026-07-25,2026-07-25,1,페스티벌출연,B,https://namu.wiki/w/RESCENE/%EA%B3%B5%EC%97%B0%20%EB%B0%8F%20%ED%96%89%EC%82%AC,수집
엔믹스,NMIXX 2ND FAN CONCERT [NMIXX CHANGE UP : MIXX LAB],장충체육관,서울,중구,2024-10-04,2024-10-06,3,팬미팅,A,https://namu.wiki/w/NMIXX%20CHANGE%20UP%20:%20MIXX%20LAB,수집
엔믹스,NMIXX 1ST FAN MEETING [NSWER VACATION],고려대학교 화정체육관,서울,성북구,2025-07-12,2025-07-12,1,팬미팅,A,https://namu.wiki/w/NSWER%20VACATION,수집
엔믹스,NMIXX 1ST WORLD TOUR [EPISODE 1: ZERO FRONTIER] IN INCHEON,인스파이어 아레나,인천,중구,2025-11-29,2025-11-30,2,콘서트,A,https://namu.wiki/w/EPISODE%201:%20ZERO%20FRONTIER,수집
QWER,남서울대학교 대학축제,남서울대학교,충남,천안시,2024-04-24,2024-04-24,1,페스티벌출연,B,https://namu.wiki/w/QWER/%EA%B3%B5%EC%97%B0%20%EB%B0%8F%20%ED%96%89%EC%82%AC,수집
QWER,경기과학기술대학교 대학축제,경기과학기술대학교,경기,시흥시,2024-05-07,2024-05-07,1,페스티벌출연,B,https://namu.wiki/w/QWER/%EA%B3%B5%EC%97%B0%20%EB%B0%8F%20%ED%96%89%EC%82%AC,수집
QWER,대림대학교 대학축제,대림대학교,경기,안양시,2024-05-10,2024-05-10,1,페스티벌출연,B,https://namu.wiki/w/QWER/%EA%B3%B5%EC%97%B0%20%EB%B0%8F%20%ED%96%89%EC%82%AC,수집
QWER,구미대학교 대학축제,구미대학교,경북,구미시,2024-05-13,2024-05-13,1,페스티벌출연,B,https://namu.wiki/w/QWER/%EA%B3%B5%EC%97%B0%20%EB%B0%8F%20%ED%96%89%EC%82%AC,수집
QWER,경북대학교 대학축제,경북대학교,대구,북구,2024-05-22,2024-05-22,1,페스티벌출연,B,https://namu.wiki/w/QWER/%EA%B3%B5%EC%97%B0%20%EB%B0%8F%20%ED%96%89%EC%82%AC,수집
QWER,건국대학교 대학축제,건국대학교,서울,광진구,2024-05-23,2024-05-23,1,페스티벌출연,B,https://namu.wiki/w/QWER/%EA%B3%B5%EC%97%B0%20%EB%B0%8F%20%ED%96%89%EC%82%AC,수집
QWER,영남대학교 대학축제,영남대학교,경북,경산시,2024-05-24,2024-05-24,1,페스티벌출연,B,https://namu.wiki/w/QWER/%EA%B3%B5%EC%97%B0%20%EB%B0%8F%20%ED%96%89%EC%82%AC,수집
QWER,고려대학교 대학축제,고려대학교,서울,성북구,2024-05-25,2024-05-25,1,페스티벌출연,B,https://namu.wiki/w/QWER/%EA%B3%B5%EC%97%B0%20%EB%B0%8F%20%ED%96%89%EC%82%AC,수집
QWER,조선대학교 대학축제,조선대학교,광주,동구,2024-05-27,2024-05-27,1,페스티벌출연,B,https://namu.wiki/w/QWER/%EA%B3%B5%EC%97%B0%20%EB%B0%8F%20%ED%96%89%EC%82%AC,수집
QWER,"QWER The 1st Fan Concert [1, 2, QWER!]",예스24 라이브홀,서울,광진구,2025-01-25,2025-01-26,2,팬미팅,A,https://m.ticket.yes24.com/Notice/Detail.aspx?bid=15338,수집
QWER,QWER 1st WORLD TOUR [ROCKATION] IN SEOUL,티켓링크 라이브 아레나,서울,,2025-10-03,2025-10-05,3,콘서트,A,https://namu.wiki/w/ROCKATION,수집
QWER,QWER [ROCKATION] 앵콜 홈커밍 콘서트 IN SEOUL,티켓링크 라이브 아레나,서울,,2026-03-20,2026-03-22,3,콘서트,B,https://namu.wiki/w/ROCKATION,수집
QWER,QWER 2nd TOUR [ROCKATION : ROCKET LAUNCH!!] IN SEOUL,고려대학교 화정체육관,서울,성북구,2026-09-12,2026-09-13,2,콘서트,A,https://www.starnewskorea.com/music/2026/08/13/2026081308161998304,수집
BTOB,2024 BTOB FAN-CON [OUR DREAM],SK올림픽핸드볼경기장,서울,송파구,2024-03-22,2024-03-24,3,팬미팅,A,https://www.xportsnews.com/article/1828983,수집
BTOB,2024 BTOB CONCERT [BE ALRIGHT],잠실학생체육관,서울,송파구,2024-12-27,2024-12-29,3,콘서트,A,https://m.kookminnews.com/92997,수집
BTOB,"2025 BTOB FAN-CON [3,2,1 GO! MELympic]",올림픽공원 올림픽홀,서울,송파구,2025-03-21,2025-03-23,3,팬미팅,A,https://www.starnewskorea.com/stview.php?no=2025022008203524533,수집
BTOB,SBS 메가콘서트,인천아시아드주경기장,인천,서구,2025-05-31,2025-05-31,1,페스티벌출연,B,https://www.concertarchives.org/bands/btob,수집
BTOB,2026 조이플콘서트,광화문광장,서울,종로구,2026-04-04,2026-04-04,1,페스티벌출연,B,https://www.concertarchives.org/bands/btob,수집
김호중,트바로티 클래식 아레나 투어 2024 in 광주,,광주,,2024-04-20,2024-04-21,2,콘서트,A,https://www.spotvnews.co.kr/news/articleView.html?idxno=667735,수집
김호중,트바로티 클래식 아레나 투어 2024 in 태백,,강원,태백시,2024-04-27,2024-04-28,2,콘서트,A,https://www.spotvnews.co.kr/news/articleView.html?idxno=667735,수집
김호중,트바로티 클래식 아레나 투어 2024 in 울산,,울산,,2024-05-04,2024-05-05,2,콘서트,A,https://www.spotvnews.co.kr/news/articleView.html?idxno=667735,수집
김호중,트바로티 클래식 아레나 투어 2024 in 고양,,경기,고양시,2024-05-11,2024-05-12,2,콘서트,A,https://www.seoul.co.kr/news/society/accident/2024/05/15/20240515500010,수집
김호중,트바로티 클래식 아레나 투어 2024 in 창원,,경남,창원시,2024-05-18,2024-05-19,2,콘서트,B,https://tvreport.co.kr/breaking/article/811109/,수집
김재중,20TH ANNIVERSARY 2024 KIM JAE JOONG ASIA TOUR CONCERT [FLOWER GARDEN] in SEOUL,장충체육관,서울,중구,2024-07-20,2024-07-21,2,콘서트,A,https://www.xportsnews.com/article/1869959,수집
김재중,2025 KIM JAE JOONG ASIA TOUR CONCERT [Beauty in Chaos] IN SEOUL,장충체육관,서울,중구,2025-05-24,2025-05-25,2,콘서트,A,https://sports.khan.co.kr/article/202504160023003,수집
김재중,2026 KIM JAE JOONG CONCERT [THE WAVE] IN SEOUL,KBS아레나,서울,강서구,2026-08-29,2026-08-30,2,콘서트,A,https://www.munhwa.com/article/11601408,수집
IVE,2024 IVE 2nd FANMEETING <MAGAZINE IVE>,올림픽공원 SK핸드볼경기장,서울,송파구,2024-03-09,2024-03-10,2,팬미팅,A,https://namu.wiki/w/MAGAZINE%20IVE,수집
IVE,IVE THE 1ST WORLD TOUR <SHOW WHAT I HAVE> ENCORE in SEOUL,KSPO DOME,서울,송파구,2024-08-10,2024-08-11,2,콘서트,A,https://en.wikipedia.org/wiki/Show_What_I_Have_World_Tour,수집
IVE,2025 IVE THE 3RD FAN CONCERT <IVE SCOUT>,KSPO DOME,서울,송파구,2025-04-05,2025-04-06,2,팬미팅,A,https://namu.wiki/w/IVE%20SCOUT,수집
IVE,IVE THE 2ND WORLD TOUR <SHOW WHAT I AM> in SEOUL,KSPO DOME,서울,송파구,2025-10-31,2025-11-02,3,콘서트,A,https://namu.wiki/w/SHOW%20WHAT%20I%20AM,수집
IVE,2026 IVE THE 4TH FAN CONCERT <DIVE into IVE>,인스파이어 아레나,인천,중구,2026-03-21,2026-03-22,2,팬미팅,A,https://namu.wiki/w/DIVE%20into%20IVE,수집
ITZY,ITZY 2ND WORLD TOUR <BORN TO BE> in SEOUL,잠실실내체육관,서울,송파구,2024-02-24,2024-02-25,2,콘서트,A,https://en.wikipedia.org/wiki/List_of_Itzy_concert_tours,수집
ITZY,ITZY 3rd FANMEETING <믿지의 세포들>,올림픽홀,서울,송파구,2024-11-02,2024-11-02,1,팬미팅,B,https://namu.wiki/w/ITZY/%EA%B3%B5%EC%97%B0%20%EB%B0%8F%20%ED%96%89%EC%82%AC,수집
ITZY,"ITZY The 4th Fan Meeting 있지 믿지, 날자! ""ON AIR""",KBS아레나,서울,강서구,2025-09-20,2025-09-20,1,팬미팅,A,"https://namu.wiki/w/%EC%9E%88%EC%A7%80%20%EB%AF%BF%EC%A7%80,%20%EB%82%A0%EC%9E%90!%20%22ON%20AIR%22",수집
ITZY,ITZY 3RD WORLD TOUR <TUNNEL VISION> in SEOUL,잠실실내체육관,서울,송파구,2026-02-13,2026-02-15,3,콘서트,A,https://en.wikipedia.org/wiki/List_of_Itzy_concert_tours,수집
ITZY,"ITZY FANMEETING <ALL IN, MIDZY>",올림픽홀,서울,송파구,2026-08-08,2026-08-09,2,팬미팅,B,https://namu.wiki/w/ITZY/%EA%B3%B5%EC%97%B0%20%EB%B0%8F%20%ED%96%89%EC%82%AC,수집
지코,ZICO LIVE : JOIN THE PARADE,올림픽홀,서울,송파구,2024-11-23,2024-11-24,2,콘서트,A,https://www.starnewskorea.com/music/2024/10/15/2024101513065475944,수집
지코,2025 ZICO FANMEETING <COMvenience>,블루스퀘어 SOL트래블홀,서울,용산구,2025-07-05,2025-07-06,2,팬미팅,A,https://www.mksports.co.kr/news/entertain/11337706,수집
오마이걸,2025 OH MY GIRL CONCERT [Milky Way],올림픽홀,서울,송파구,2025-04-19,2025-04-20,2,콘서트,A,https://namu.wiki/w/Milky%20Way(%EA%B3%B5%EC%97%B0),수집
여자친구,2025 GFRIEND 10th Anniversary Concert <Season of Memories>,올림픽홀,서울,송파구,2025-01-17,2025-01-19,3,콘서트,A,https://en.wikipedia.org/wiki/GFriend,수집
프로미스나인,2024 fromis_9 CONCERT <FROM NOW.>,장충체육관,서울,중구,2024-01-27,2024-01-28,2,콘서트,A,https://namu.wiki/w/FROM%20NOW.,수집
프로미스나인,2025-26 fromis_9 WORLD TOUR <NOW TOMORROW.> in SEOUL,장충체육관,서울,중구,2025-08-08,2025-08-10,3,콘서트,A,https://namu.wiki/w/NOW%20TOMORROW.,수집
프로미스나인,2025-26 fromis_9 WORLD TOUR ENCORE <NOW TOMORROW.>,고려대학교 화정체육관,서울,성북구,2026-01-30,2026-02-01,3,콘서트,A,https://namu.wiki/w/NOW%20TOMORROW.,수집
프로미스나인,2026 fromis_9 ASIA TOUR <TOMORROW GLOW.> in SEOUL,고려대학교 화정체육관,서울,성북구,2026-09-04,2026-09-06,3,콘서트,A,https://namu.wiki/w/TOMORROW%20GLOW.,수집
Hearts2Hearts,Hearts2Hearts 데뷔 쇼케이스 <Chase Our Hearts>,예스24 라이브홀,서울,광진구,2025-02-24,2025-02-24,1,기타,A,https://en.wikipedia.org/wiki/Hearts2Hearts,수집
Hearts2Hearts,KBS 서울 스프링 페스타,서울월드컵경기장,서울,마포구,2025-04-30,2025-04-30,1,페스티벌출연,A,https://en.wikipedia.org/wiki/Hearts2Hearts,수집
Hearts2Hearts,2025 부산원아시아페스티벌(BOF),벡스코,부산,해운대구,2025-06-11,2025-06-11,1,페스티벌출연,A,https://en.wikipedia.org/wiki/Hearts2Hearts,수집
Hearts2Hearts,KB 조이 올팍 페스티벌,올림픽공원,서울,송파구,2025-09-21,2025-09-21,1,페스티벌출연,A,https://en.wikipedia.org/wiki/Hearts2Hearts,수집
Hearts2Hearts,2025 APEC 뮤직 페스타,경주시민운동장,경북,경주시,2025-10-10,2025-10-10,1,페스티벌출연,A,https://www.gukjenews.com/news/articleView.html?idxno=3397001,수집
Hearts2Hearts,Focus 발매 쇼케이스,블루스퀘어 SOL트래블홀,서울,용산구,2025-10-20,2025-10-20,1,기타,A,https://en.wikipedia.org/wiki/Hearts2Hearts,수집
Hearts2Hearts,Hearts2Hearts FANMEETING <HEARTS 2 HOUSE>,올림픽홀,서울,송파구,2026-02-21,2026-02-22,2,팬미팅,A,https://en.wikipedia.org/wiki/Hearts2Hearts,수집
A-pink,2024 Apink 7th Concert <PINK CHRISTMAS>,KBS아레나,서울,강서구,2024-12-21,2024-12-22,2,콘서트,A,https://www.xportsnews.com/article/1929838,수집
A-pink,2026 Apink 8th Concert <The Origin : APINK>,장충체육관,서울,중구,2026-02-21,2026-02-22,2,콘서트,A,https://www.xportsnews.com/article/2103436,수집
최예나,2025 YENA 1ST CONCERT <네모로부터 시작하는 이세계! 여행>,연세대학교 대강당,서울,서대문구,2025-01-25,2025-01-26,2,콘서트,A,https://namu.wiki/w/%EB%84%A4%EB%AA%A8%EB%A1%9C%EB%B6%80%ED%84%B0%20%EC%8B%9C%EC%9E%91%ED%95%98%EB%8A%94%20%EC%9D%B4%EC%84%B8%EA%B3%84!%20%EC%97%AC%ED%96%89,수집
최예나,2025 APEC 뮤직 페스타,경주시민운동장,경북,경주시,2025-10-10,2025-10-10,1,페스티벌출연,A,https://www.gukjenews.com/news/articleView.html?idxno=3397001,수집
최예나,"2026 YENA LIVE TOUR <잡힐 듯 말 듯 한, 2세계!> In Seoul",블루스퀘어 우리WON뱅킹홀,서울,용산구,2026-04-04,2026-04-05,2,콘서트,A,"https://namu.wiki/w/%EC%9E%A1%ED%9E%90%20%EB%93%AF%20%EB%A7%90%20%EB%93%AF%20%ED%95%9C,%202%EC%84%B8%EA%B3%84!",수집
최예나,"2026 YENA ENCORE LIVE <네모로부터 시작된, 잡힐 듯 말 듯 한 이세계 : 극장판>",장충체육관,서울,중구,2026-08-22,2026-08-23,2,콘서트,A,https://www.starnewskorea.com/music/2026/06/16/2026061615014254811,수집
샤이니,SHINee WORLD VI [PERFECT ILLUMINATION] 앙코르,잠실실내체육관,서울,송파구,2024-05-24,2024-05-26,3,콘서트,A,https://ko.wikipedia.org/wiki/SHINee_WORLD_VI_-_PERFECT_ILLUMINATION,수집
샤이니,SHINee WORLD Ⅶ [E.S.S.A.Y],올림픽공원 KSPO DOME,서울,송파구,2025-05-23,2025-05-25,3,콘서트,A,https://www.mt.co.kr/stock/2025/03/10/2025031010140356178,수집
마마무,MAMAMOO 2026 WORLD TOUR [4WARD] in SEOUL,올림픽공원 올림픽홀,서울,송파구,2026-06-19,2026-06-21,3,콘서트,A,https://www.munhwa.com/article/11588194,수집
STAYC,2025 STAYC TOUR [STAY TUNED] in SEOUL,올림픽공원 올림픽홀,서울,송파구,2025-04-12,2025-04-13,2,콘서트,A,https://namu.wiki/w/STAY%20TUNED(%EC%BD%98%EC%84%9C%ED%8A%B8),수집
STAYC,2026 STAYC FAN-CON TOUR [STAY CLOSER] in SEOUL,블루스퀘어 우리WON뱅킹홀,서울,용산구,2026-08-22,2026-08-23,2,팬미팅,A,https://www.highup-ent.com/en/stayc-announces-stay-closer-fan-con-tour-kicking-off-in-seoul-before-heading-to-global-cities/,수집
나훈아,2024 고마웠습니다 - 라스트 콘서트 (대전),,대전,,2024-10-12,2024-10-12,1,콘서트,A,https://www.seoul.co.kr/news/life/pop-culture/2024/07/29/20240729500146,수집
나훈아,2024 고마웠습니다 - 라스트 콘서트 (강릉),,강원,강릉시,2024-10-26,2024-10-26,1,콘서트,A,https://www.seoul.co.kr/news/life/pop-culture/2024/07/29/20240729500146,수집
나훈아,2024 고마웠습니다 - 라스트 콘서트 (안동),,경북,안동시,2024-11-02,2024-11-02,1,콘서트,A,https://www.seoul.co.kr/news/life/pop-culture/2024/07/29/20240729500146,수집
나훈아,2024 고마웠습니다 - 라스트 콘서트 (진주),,경남,진주시,2024-11-16,2024-11-16,1,콘서트,A,https://www.seoul.co.kr/news/life/pop-culture/2024/07/29/20240729500146,수집
나훈아,2024 고마웠습니다 - 라스트 콘서트 (광주),,광주,,2024-11-23,2024-11-23,1,콘서트,A,https://www.seoul.co.kr/news/life/pop-culture/2024/07/29/20240729500146,수집
나훈아,2024 고마웠습니다 - 라스트 콘서트 (대구),,대구,,2024-12-07,2024-12-08,2,콘서트,A,https://www.seoul.co.kr/news/life/pop-culture/2024/07/29/20240729500146,수집
나훈아,2024 고마웠습니다 - 라스트 콘서트 (부산),,부산,,2024-12-14,2024-12-15,2,콘서트,A,https://www.seoul.co.kr/news/life/pop-culture/2024/07/29/20240729500146,수집
나훈아,2024 고마웠습니다 - 라스트 콘서트 (서울),올림픽공원 KSPO DOME,서울,송파구,2025-01-10,2025-01-12,3,콘서트,A,https://v.daum.net/v/20241004112204394,수집
츄,이세계 페스티벌 2025,고척 스카이돔,서울,구로구,2025-05-16,2025-05-16,1,페스티벌출연,B,https://namu.wiki/w/%EC%B8%84(%EA%B0%80%EC%88%98)/%EA%B3%B5%EC%97%B0%20%EB%B0%8F%20%ED%96%89%EC%82%AC,수집
츄,CHUU 2ND TINY-CON '첫 눈이 오면 그때 거기서 만나',신한카드 SOL페이 스퀘어 라이브홀,서울,마포구,2025-12-13,2025-12-14,2,팬미팅,A,https://sports.khan.co.kr/article/202511111657003,수집
볼빨간사춘기,볼빨간사춘기 단독 콘서트 'Merry Go Round' After Party,노들섬 라이브하우스,서울,용산구,2024-02-03,2024-02-04,2,콘서트,A,https://nodeul.org/program/%EB%B3%BC%EB%B9%A8%EA%B0%84%EC%82%AC%EC%B6%98%EA%B8%B0-%EB%8B%A8%EB%8F%85-%EC%BD%98%EC%84%9C%ED%8A%B8/,수집
볼빨간사춘기,볼빨간사춘기 아시아 투어 'Bloom' in SEOUL,장충체육관,서울,중구,2024-11-30,2024-12-01,2,콘서트,A,https://enter.etoday.co.kr/news/view/267257,수집
볼빨간사춘기,볼빨간사춘기 단독 콘서트 'Bloom' After Party,신한카드 SOL페이 스퀘어 라이브홀,서울,마포구,2024-12-24,2024-12-25,2,콘서트,A,https://www.luck-d.com/ticket/298,수집
볼빨간사춘기,볼빨간사춘기 첫 팬미팅 [Wild and Free],명화라이브홀,서울,영등포구,2025-11-15,2025-11-16,2,팬미팅,A,https://nol.yanolja.com/ticket/products/25015843,수집
sg워너비,2024 SG워너비 20주년 기념 콘서트 '우리의 노래' (서울),올림픽공원 KSPO DOME,서울,송파구,2024-03-22,2024-03-24,3,콘서트,A,https://sports.khan.co.kr/article/202402052211003,수집
sg워너비,2024 SG워너비 20주년 기념 콘서트 '우리의 노래' (대구),대구 엑스포 동관,대구,북구,2024-04-06,2024-04-06,1,콘서트,A,https://namu.wiki/w/SG%EC%9B%8C%EB%84%88%EB%B9%84/%EC%BD%98%EC%84%9C%ED%8A%B8%20%EB%AA%A9%EB%A1%9D,수집
sg워너비,2024 SG워너비 20주년 기념 콘서트 '우리의 노래' (전주),한국소리문화의전당,전북,전주시,2024-04-27,2024-04-27,1,콘서트,A,https://namu.wiki/w/SG%EC%9B%8C%EB%84%88%EB%B9%84/%EC%BD%98%EC%84%9C%ED%8A%B8%20%EB%AA%A9%EB%A1%9D,수집
sg워너비,2024 SG워너비 20주년 기념 콘서트 '우리의 노래' (인천),송도 컨벤시아,인천,연수구,2024-05-04,2024-05-04,1,콘서트,A,https://namu.wiki/w/SG%EC%9B%8C%EB%84%88%EB%B9%84/%EC%BD%98%EC%84%9C%ED%8A%B8%20%EB%AA%A9%EB%A1%9D,수집
sg워너비,2024 SG워너비 20주년 기념 콘서트 '우리의 노래' (광주),광주여자대학교 시립유니버시아드체육관,광주,광산구,2024-05-25,2024-05-25,1,콘서트,A,https://namu.wiki/w/SG%EC%9B%8C%EB%84%88%EB%B9%84/%EC%BD%98%EC%84%9C%ED%8A%B8%20%EB%AA%A9%EB%A1%9D,수집
sg워너비,2024 SG워너비 20주년 기념 콘서트 '우리의 노래' (대전),대전컨벤션센터,대전,유성구,2024-06-01,2024-06-01,1,콘서트,A,https://namu.wiki/w/SG%EC%9B%8C%EB%84%88%EB%B9%84/%EC%BD%98%EC%84%9C%ED%8A%B8%20%EB%AA%A9%EB%A1%9D,수집
sg워너비,2024 SG워너비 20주년 기념 콘서트 '우리의 노래' (부산),벡스코,부산,해운대구,2024-06-15,2024-06-15,1,콘서트,A,https://namu.wiki/w/SG%EC%9B%8C%EB%84%88%EB%B9%84/%EC%BD%98%EC%84%9C%ED%8A%B8%20%EB%AA%A9%EB%A1%9D,수집
sg워너비,2024 SG워너비 20주년 기념 콘서트 '우리의 노래' 앵콜 (서울),올림픽공원 KSPO DOME,서울,송파구,2024-07-20,2024-07-21,2,콘서트,A,https://namu.wiki/w/SG%EC%9B%8C%EB%84%88%EB%B9%84/%EC%BD%98%EC%84%9C%ED%8A%B8%20%EB%AA%A9%EB%A1%9D,수집
10CM,2025 10CM 단독공연 〈5.0〉,올림픽공원 핸드볼경기장,서울,송파구,2025-08-09,2025-08-10,2,콘서트,A,https://nol.yanolja.com/ticket/products/25008553,수집
10CM,2026 10CM Asia Tour 〈To 10CM: Chapter 1〉 in SEOUL,블루스퀘어 SOL트래블홀,서울,용산구,2026-01-30,2026-02-08,7,콘서트,A,https://www.asiaartistawards.com/news/detail/163290/all,수집
10CM,2026 10CM Asia Tour 〈To 10CM: Chapter 1〉 in BUSAN,벡스코 오디토리움,부산,해운대구,2026-02-14,2026-02-15,2,콘서트,A,https://www.mcst.go.kr/site/s_culture/culture/cultureView.jsp?pSeq=64990,수집
10CM,2026 10CM Asia Tour 〈To 10CM: Chapter 1〉 in DAEJEON,충남대학교 정심화국제문화회관 정심화홀,대전,유성구,2026-05-02,2026-05-03,2,콘서트,A,https://world.nol.com/en/ticket/places/26000100/products/26001763,수집
CNBLUE,2024 CNBLUE LIVE [VOYAGE into X],올림픽공원 핸드볼경기장,서울,송파구,2024-09-21,2024-09-22,2,콘서트,A,https://www.xportsnews.com/article/1890059,수집
CNBLUE,2025 어썸스테이지 [CNBLUE] - 서울,KBS아레나,서울,강서구,2025-11-09,2025-11-09,1,콘서트,A,https://world.nol.com/en/ticket/places/25001299/products/25014567,수집
CNBLUE,서울재즈페스티벌 2026,올림픽공원,서울,송파구,2026-05-22,2026-05-22,1,페스티벌출연,B,https://www.concertarchives.org/bands/cnblue,수집
CNBLUE,사운드베리 페스타 '26,킨텍스 제9홀,경기,고양시,2026-07-18,2026-07-18,1,페스티벌출연,B,https://www.concertarchives.org/bands/cnblue,수집
CNBLUE,사운드플래닛 페스티벌 2026,파라다이스시티 컬처파크,인천,중구,2026-09-05,2026-09-05,1,페스티벌출연,B,https://www.concertarchives.org/bands/cnblue,수집
로이킴,"[설레는 그날] #2 로이킴, 박창근, 범진",경희대학교 서울캠퍼스 평화의전당,서울,동대문구,2024-02-11,2024-02-11,1,기타,A,https://www.stagepick.co.kr/artists/detail/PpFFOLM56OWj4RfT,수집
로이킴,2024 어썸스테이지 [로이킴 x 멜로망스] - 부산,BEXCO 오디토리움,부산,해운대구,2024-02-25,2024-02-25,1,기타,A,https://www.stagepick.co.kr/artists/detail/PpFFOLM56OWj4RfT,수집
로이킴,2024 Soundberry Theater,KBS아레나,서울,강서구,2024-03-16,2024-03-17,1,페스티벌출연,A,https://www.stagepick.co.kr/artists/detail/PpFFOLM56OWj4RfT,수집
로이킴,제17회 봄 고아웃캠프 - 고성,강원특별자치도 세계잼버리수련장,강원,고성군,2024-04-19,2024-04-20,1,페스티벌출연,A,https://www.stagepick.co.kr/artists/detail/PpFFOLM56OWj4RfT,수집
로이킴,Beautiful Mint Life 2024,올림픽공원,서울,송파구,2024-05-11,2024-05-12,1,페스티벌출연,A,https://www.stagepick.co.kr/artists/detail/PpFFOLM56OWj4RfT,수집
로이킴,2024 천안 K-컬처박람회 <SBS 특집 두시탈출 컬투쇼 슈퍼콘서트>,독립기념관 겨레의 큰마당 주무대,충남,천안시,2024-05-25,2024-05-25,1,페스티벌출연,A,https://www.stagepick.co.kr/artists/detail/PpFFOLM56OWj4RfT,수집
로이킴,2024 팔레트 뮤직 페스티벌,서울어린이대공원 능동숲속의무대,서울,광진구,2024-06-01,2024-06-02,1,페스티벌출연,A,https://www.stagepick.co.kr/artists/detail/PpFFOLM56OWj4RfT,수집
로이킴,LIVE ON 로이킴X김필 - 대구,천마아트센터,경북,경산시,2024-06-01,2024-06-01,1,기타,B,https://www.stagepick.co.kr/artists/detail/PpFFOLM56OWj4RfT,수집
로이킴,로이킴&소란 - 부산,부산시민회관 대극장,부산,동구,2024-07-27,2024-07-27,1,기타,A,https://www.stagepick.co.kr/artists/detail/PpFFOLM56OWj4RfT,수집
로이킴,2024 어썸스테이지 [로이킴 x 임현식] - 서울,연세대학교 대강당,서울,서대문구,2024-10-13,2024-10-13,1,기타,A,https://www.stagepick.co.kr/artists/detail/PpFFOLM56OWj4RfT,수집
로이킴,2024 로이킴 콘서트 <R♥y actually>,올림픽공원 올림픽핸드볼경기장,서울,송파구,2024-12-07,2024-12-08,2,콘서트,A,https://www.stagepick.co.kr/artists/detail/PpFFOLM56OWj4RfT,수집
로이킴,2024 로이킴 콘서트 <R♥y actually> - 부산,부산 KBS홀,부산,수영구,2024-12-28,2024-12-29,2,콘서트,A,https://www.stagepick.co.kr/artists/detail/PpFFOLM56OWj4RfT,수집
로이킴,2025 어썸스테이지 [로이킴 x 하현상] - 부산,BEXCO 오디토리움,부산,해운대구,2025-03-02,2025-03-02,1,기타,A,https://www.stagepick.co.kr/artists/detail/PpFFOLM56OWj4RfT,수집
로이킴,2025 Soundberry Theater,KBS아레나,서울,강서구,2025-03-22,2025-03-23,1,페스티벌출연,A,https://www.stagepick.co.kr/artists/detail/PpFFOLM56OWj4RfT,수집
로이킴,Have A Nice Day #11,인천 상상플랫폼,인천,중구,2025-04-12,2025-04-13,1,페스티벌출연,A,https://www.stagepick.co.kr/artists/detail/PpFFOLM56OWj4RfT,수집
로이킴,행복드림 신춘콘서트 - 옥천,옥천문화예술회관,충북,옥천군,2025-04-18,2025-04-18,1,기타,A,https://www.stagepick.co.kr/artists/detail/PpFFOLM56OWj4RfT,수집
로이킴,2025 LOVESOME,난지 한강공원,서울,마포구,2025-04-26,2025-04-27,1,페스티벌출연,A,https://www.stagepick.co.kr/artists/detail/PpFFOLM56OWj4RfT,수집
로이킴,2025 MyK FESTA in 경주,경주예술의전당,경북,경주시,2025-06-07,2025-06-08,1,페스티벌출연,A,https://www.stagepick.co.kr/artists/detail/PpFFOLM56OWj4RfT,수집
로이킴,Beautiful Mint Life 2025,올림픽공원,서울,송파구,2025-06-13,2025-06-15,1,페스티벌출연,A,https://www.stagepick.co.kr/artists/detail/PpFFOLM56OWj4RfT,수집
로이킴,라이브온 부산,BEXCO 오디토리움,부산,해운대구,2025-06-28,2025-06-28,1,기타,A,https://www.stagepick.co.kr/artists/detail/PpFFOLM56OWj4RfT,수집
로이킴,Someday Festival 2025 - week 2,난지 한강공원,서울,마포구,2025-09-13,2025-09-14,1,페스티벌출연,A,https://www.stagepick.co.kr/artists/detail/PpFFOLM56OWj4RfT,수집
로이킴,"스테이지 네임 로이킴, 김필, 샘킴 - 부산",부산 KBS홀,부산,수영구,2025-09-20,2025-09-20,1,기타,A,https://www.stagepick.co.kr/performances/detail/l6Z39HkwE6SH7Sr8,수집
로이킴,2025 dingo music CONCERT <Killing Voice>,잠실실내체육관,서울,송파구,2025-10-18,2025-10-19,1,기타,A,https://www.stagepick.co.kr/artists/detail/PpFFOLM56OWj4RfT,수집
로이킴,2025 서울뮤직페스티벌,문화비축기지 문화마당,서울,마포구,2025-11-01,2025-11-02,1,페스티벌출연,A,https://www.stagepick.co.kr/artists/detail/PpFFOLM56OWj4RfT,수집
로이킴,"2025-26 로이킴 LIVE TOUR [ja, daum]",올림픽공원 올림픽핸드볼경기장,서울,송파구,2025-12-12,2025-12-14,3,콘서트,A,https://www.stagepick.co.kr/artists/detail/PpFFOLM56OWj4RfT,수집
로이킴,"2025-26 로이킴 LIVE TOUR [ja, daum] - 부산",부산 KBS홀,부산,수영구,2025-12-20,2025-12-21,2,콘서트,A,https://www.stagepick.co.kr/artists/detail/PpFFOLM56OWj4RfT,수집
로이킴,"2025-26 로이킴 LIVE TOUR [ja, daum] - 대구",엑스코 5층 컨벤션홀,대구,북구,2025-12-27,2025-12-28,2,콘서트,A,https://www.stagepick.co.kr/artists/detail/PpFFOLM56OWj4RfT,수집
로이킴,"2025-26 로이킴 LIVE TOUR [ja, daum] - 대전",충남대학교 정심화국제문화회관 정심화홀,대전,유성구,2026-01-17,2026-01-18,2,콘서트,A,https://www.stagepick.co.kr/artists/detail/PpFFOLM56OWj4RfT,수집
로이킴,"2025-26 로이킴 LIVE TOUR [ja, daum] - 고양",고양아람누리 아람극장,경기,고양시,2026-01-24,2026-01-25,2,콘서트,A,https://www.stagepick.co.kr/artists/detail/PpFFOLM56OWj4RfT,수집
로이킴,2026 LOVESOME - 조선미술관,연세대학교 신촌캠퍼스 노천극장,서울,서대문구,2026-04-11,2026-04-12,1,페스티벌출연,A,https://www.stagepick.co.kr/artists/detail/PpFFOLM56OWj4RfT,수집
로이킴,Beautiful Mint Life 2026,문화비축기지,서울,마포구,2026-05-30,2026-05-31,1,페스티벌출연,A,https://www.stagepick.co.kr/artists/detail/PpFFOLM56OWj4RfT,수집
로이킴,BELLEFORET WEEK - MY VOLUME - 증평,벨포레리조트 모토아레나 패독,충북,증평군,2026-06-06,2026-06-06,1,페스티벌출연,A,https://www.stagepick.co.kr/artists/detail/PpFFOLM56OWj4RfT,수집
로이킴,제20회 칠포재즈페스티벌 2026 - 포항,칠포해수욕장 상설무대,경북,포항시,2026-06-13,2026-06-14,1,페스티벌출연,A,https://www.stagepick.co.kr/artists/detail/PpFFOLM56OWj4RfT,수집
로이킴,THE ROY KIM SHOW: 말하기·듣기·노래하기,블루스퀘어 삼성카드홀,서울,용산구,2026-07-11,2026-07-12,2,단독공연,A,https://www.stagepick.co.kr/artists/detail/PpFFOLM56OWj4RfT,수집
로이킴,DEEPDIVE 2026 - 고양,킨텍스,경기,고양시,2026-07-17,2026-07-18,1,페스티벌출연,A,https://www.stagepick.co.kr/artists/detail/PpFFOLM56OWj4RfT,수집
성시경,"2024 성시경 팬미팅 ""사월""",장충체육관,서울,중구,2024-04-07,2024-04-07,1,팬미팅,A,https://www.stagepick.co.kr/artists/detail/3Wv6O597gzjDW86j,수집
성시경,2024 성시경의 축가 콘서트,연세대학교 신촌캠퍼스 노천극장,서울,서대문구,2024-05-04,2024-05-06,1,콘서트,A,https://www.stagepick.co.kr/artists/detail/3Wv6O597gzjDW86j,수집
성시경,"2024 성시경 with friends [자, 오늘은]",KSPO DOME,서울,송파구,2024-09-07,2024-09-08,2,콘서트,A,https://www.stagepick.co.kr/artists/detail/3Wv6O597gzjDW86j,수집
성시경,우리 모모콘,난지한강공원 젊음의광장,서울,마포구,2024-09-28,2024-09-29,1,페스티벌출연,A,https://www.stagepick.co.kr/artists/detail/3Wv6O597gzjDW86j,수집
성시경,2024 성시경 연말 콘서트,KSPO DOME,서울,송파구,2024-12-27,2024-12-31,1,콘서트,A,https://www.stagepick.co.kr/artists/detail/3Wv6O597gzjDW86j,수집
성시경,"2025 성시경 팬미팅 ""사월""",장충체육관,서울,중구,2025-04-19,2025-04-19,1,팬미팅,A,https://www.stagepick.co.kr/artists/detail/3Wv6O597gzjDW86j,수집
성시경,DMZ OPEN 콘서트 - 파주,임진각 평화누리 야외공연장,경기,파주시,2025-09-06,2025-09-06,1,페스티벌출연,A,https://www.stagepick.co.kr/artists/detail/3Wv6O597gzjDW86j,수집
성시경,2025 인천공항 스카이페스티벌,인스파이어 엔터테인먼트 리조트,인천,중구,2025-11-08,2025-11-09,1,페스티벌출연,A,https://www.stagepick.co.kr/artists/detail/3Wv6O597gzjDW86j,수집
성시경,2025 성시경 연말 콘서트 〈성시경〉,KSPO DOME,서울,송파구,2025-12-25,2025-12-28,4,콘서트,A,https://nol.yanolja.com/ticket/places/25001492/products/25016342,수집
성시경,"2026 성시경 팬미팅 ""사월""",장충체육관,서울,중구,2026-04-18,2026-04-18,1,팬미팅,A,https://www.stagepick.co.kr/artists/detail/3Wv6O597gzjDW86j,수집
성시경,2026 성시경의 축가 콘서트,연세대학교 신촌캠퍼스 노천극장,서울,서대문구,2026-05-02,2026-05-05,3,콘서트,A,https://www.stagepick.co.kr/performances/detail/212461,수집
성시경,"2026 성시경 with friends [자, 오늘은]",올림픽공원 88잔디마당,서울,송파구,2026-09-05,2026-09-06,2,콘서트,A,https://www.stagepick.co.kr/artists/detail/3Wv6O597gzjDW86j,수집
Crush,2024 CRUSH CONCERT [May I be your May?],연세대학교 노천극장,서울,서대문구,2024-05-18,2024-05-19,2,콘서트,A,https://www.stagepick.co.kr/artists/detail/6353,수집
Crush,2024 CRUSH CONCERT [CRUSH HOUR : O],KSPO DOME,서울,송파구,2024-12-20,2024-12-22,3,콘서트,A,https://www.stagepick.co.kr/artists/detail/6353,수집
Crush,2025 CRUSH CONCERT [CRUSH H★UR],잠실실내체육관,서울,송파구,2025-12-19,2025-12-21,3,콘서트,A,https://www.stagepick.co.kr/artists/detail/6353,수집
Crush,HIPHOPPLAYA FESTIVAL 2026 - 고양,킨텍스,경기,고양시,2026-05-02,2026-05-02,1,페스티벌출연,A,https://www.stagepick.co.kr/artists/detail/6353,수집
Crush,원 썸머 나잇 위드 케이팝 시즌 2 - 제천,제천예술의전당,충북,제천시,2026-09-04,2026-09-05,1,페스티벌출연,A,https://www.stagepick.co.kr/artists/detail/6353,수집
Crush,2026 크러쉬 팬미팅 <ZZINBOMBTING : CRUSH FARM>,명화라이브홀,서울,마포구,2026-09-12,2026-09-12,1,팬미팅,A,https://www.stagepick.co.kr/artists/detail/6353,수집
빈지노,HIPHOPPLAYA FESTIVAL 2024,난지 한강공원,서울,마포구,2024-05-04,2024-05-05,1,페스티벌출연,A,https://www.stagepick.co.kr/artists/detail/4DnnY8Z6LO2ov6v2,수집
빈지노,NOWITZKI LIVE,빛의 시어터,서울,광진구,2024-09-21,2024-09-22,2,단독공연,A,https://www.stagepick.co.kr/artists/detail/4DnnY8Z6LO2ov6v2,수집
빈지노,HIPHOPPLAYA FESTIVAL 2025,일산 킨텍스,경기,고양시,2025-05-03,2025-05-03,1,페스티벌출연,A,https://www.stagepick.co.kr/artists/detail/4DnnY8Z6LO2ov6v2,수집
빈지노,원 유니버스 페스티벌 2025,서울대공원 주차광장,경기,과천시,2025-08-15,2025-08-16,1,페스티벌출연,B,https://www.stagepick.co.kr/artists/detail/4DnnY8Z6LO2ov6v2,수집
빈지노,KB 조이올팍 페스티벌 2025,올림픽공원 88잔디마당,서울,송파구,2025-09-20,2025-09-21,1,페스티벌출연,A,https://www.stagepick.co.kr/artists/detail/4DnnY8Z6LO2ov6v2,수집
빅마마,2024 빅마마 20주년 앵콜 콘서트 [ACT 20] - 부산,BEXCO 오디토리움,부산,해운대구,2024-02-17,2024-02-17,1,콘서트,A,https://www.stagepick.co.kr/artists/detail/UOpo8KjRvNFJ1Kmy,수집
빅마마,2024 G-KPOP CONCERT,한강공원 신사잠원지구 럭비장,서울,서초구,2024-05-11,2024-05-11,1,기타,A,https://www.stagepick.co.kr/artists/detail/UOpo8KjRvNFJ1Kmy,수집
빅마마,The K콘서트: Like a Star,경희대학교 평화의전당,서울,동대문구,2024-05-14,2024-05-14,1,기타,A,https://www.stagepick.co.kr/artists/detail/UOpo8KjRvNFJ1Kmy,수집
빅마마,2024 진주 M2페스티벌,망경동 남강둔치 일원,경남,진주시,2024-08-09,2024-08-10,1,페스티벌출연,A,https://www.stagepick.co.kr/artists/detail/UOpo8KjRvNFJ1Kmy,수집
다비치,2024 이슬라이브 페스티벌 - 가평,가평 자라섬 중도,경기,가평군,2024-09-07,2024-09-07,1,페스티벌출연,A,https://www.stagepick.co.kr/artists/detail/1965,수집
다비치,2025 DAVICHI CONCERT <A Stitch in Time>,KSPO DOME,서울,송파구,2025-01-18,2025-01-19,2,콘서트,A,https://www.stagepick.co.kr/artists/detail/1965,수집
다비치,Beautiful Mint Life 2025,올림픽공원 88잔디마당,서울,송파구,2025-06-13,2025-06-15,1,페스티벌출연,A,https://www.stagepick.co.kr/artists/detail/1965,수집
다비치,2025 현대카드 다빈치모텔,이태원 현대카드 구역 일대,서울,용산구,2025-09-19,2025-09-21,1,페스티벌출연,A,https://www.stagepick.co.kr/artists/detail/1965,수집
다비치,2026 다비치 콘서트 <TIME CAPSULE : 시간을 잇다>,KSPO DOME,서울,송파구,2026-01-24,2026-01-25,2,콘서트,A,https://www.stagepick.co.kr/artists/detail/1965,수집
다비치,2026 PARK CONCERT - 수원,수원야외음악당,경기,수원시,2026-09-11,2026-09-11,1,기타,A,https://www.stagepick.co.kr/artists/detail/1965,수집
에픽하이,에픽하이 20주년 앵콜 콘서트,인스파이어 아레나,인천,중구,2024-03-16,2024-03-16,1,콘서트,A,https://www.stagepick.co.kr/artists/detail/2RpMLK726NYzmWDv,수집
에픽하이,2024 대구힙합페스티벌,대구스타디움 보조경기장,대구,수성구,2024-05-04,2024-05-05,1,페스티벌출연,A,https://www.stagepick.co.kr/artists/detail/2RpMLK726NYzmWDv,수집
에픽하이,2024 에픽하이 콘서트,올림픽공원 SK올림픽핸드볼경기장,서울,송파구,2024-12-20,2024-12-22,3,콘서트,A,https://www.stagepick.co.kr/artists/detail/2RpMLK726NYzmWDv,수집
에픽하이,서울재즈페스티벌 2025,올림픽공원,서울,송파구,2025-05-30,2025-06-01,1,페스티벌출연,A,https://www.stagepick.co.kr/artists/detail/2RpMLK726NYzmWDv,수집
에픽하이,제19회 칠포재즈페스티벌 - 포항,칠포해수욕장,경북,포항시,2025-06-14,2025-06-15,1,페스티벌출연,A,https://www.stagepick.co.kr/artists/detail/2RpMLK726NYzmWDv,수집
에픽하이,워터밤 서울 2025,킨텍스 야외 글로벌 스테이지,경기,고양시,2025-07-04,2025-07-06,1,페스티벌출연,B,https://www.stagepick.co.kr/artists/detail/2RpMLK726NYzmWDv,수집
에픽하이,워터밤 속초 2025,한화리조트 설악 쏘라노,강원,속초시,2025-08-23,2025-08-23,1,페스티벌출연,A,https://www.stagepick.co.kr/artists/detail/2RpMLK726NYzmWDv,수집
에픽하이,2025 우리 모모콘,난지한강공원 젊음의광장,서울,마포구,2025-09-20,2025-09-21,1,페스티벌출연,A,https://www.stagepick.co.kr/artists/detail/2RpMLK726NYzmWDv,수집
에픽하이,경기인디뮤직페스티벌 2025 - 화성,정조효공원,경기,화성시,2025-09-20,2025-09-21,1,페스티벌출연,A,https://www.stagepick.co.kr/artists/detail/2RpMLK726NYzmWDv,수집
에픽하이,2025 에픽하이 콘서트,올림픽공원 SK올림픽핸드볼경기장,서울,송파구,2025-12-25,2025-12-28,4,콘서트,A,https://www.stagepick.co.kr/artists/detail/2RpMLK726NYzmWDv,수집
장윤정,2024 장윤정 라이브 콘서트 - 양산,양산종합운동장 실내체육관,경남,양산시,2024-01-13,2024-01-13,1,콘서트,A,https://www.stagepick.co.kr/artists/detail/9229,수집
장윤정,2024 장윤정 라이브 콘서트 - 광주,광주 예술의전당 대극장,광주,북구,2024-01-20,2024-01-20,1,콘서트,A,https://www.stagepick.co.kr/artists/detail/9229,수집
장윤정,2024 장윤정 라이브 콘서트 - 울산,KBS 울산홀,울산,남구,2024-01-27,2024-01-27,1,콘서트,A,https://www.stagepick.co.kr/artists/detail/9229,수집
장윤정,2024 장윤정 라이브 콘서트 - 남양주,남양주체육문화센터 실내체육관,경기,남양주시,2024-02-03,2024-02-03,1,콘서트,A,https://www.stagepick.co.kr/artists/detail/9229,수집
장윤정,2024 장윤정 라이브 콘서트 - 대전,충남대학교 국제문화회관 정심화홀,대전,유성구,2024-02-17,2024-02-17,1,콘서트,A,https://www.stagepick.co.kr/artists/detail/9229,수집
장윤정,2024 장윤정 라이브 콘서트 - 부산,부산 KBS홀,부산,수영구,2024-03-02,2024-03-02,1,콘서트,A,https://www.stagepick.co.kr/artists/detail/9229,수집
장윤정,2024 파워풀 K-트로트 페스티벌 - 대구,대구스타디움,대구,수성구,2024-05-25,2024-05-25,1,페스티벌출연,A,https://www.stagepick.co.kr/artists/detail/9229,수집
장윤정,2024 장윤정 라이브 콘서트 - 대구,엑스코 5층 컨벤션홀,대구,북구,2024-09-28,2024-09-28,1,콘서트,A,https://www.stagepick.co.kr/artists/detail/9229,수집
장윤정,2024 K-뮤직 시즌 : 굿밤 콘서트 - 부산,해운대해수욕장,부산,해운대구,2024-10-03,2024-10-05,1,페스티벌출연,A,https://www.stagepick.co.kr/artists/detail/9229,수집
장윤정,2024 장윤정 라이브 콘서트 - 성남,성남아트센터 오페라하우스,경기,성남시,2024-10-19,2024-10-19,1,콘서트,A,https://www.stagepick.co.kr/artists/detail/9229,수집
장윤정,2024 광양 KPOP 페스티벌 - 광양,광양공설운동장,전남,광양시,2024-10-25,2024-10-26,1,페스티벌출연,A,https://www.stagepick.co.kr/artists/detail/9229,수집
장윤정,2024 장윤정 라이브 콘서트 - 강릉,가톨릭관동대학교 세바스티아노 스포츠센터,강원,강릉시,2024-12-07,2024-12-07,1,콘서트,A,https://www.stagepick.co.kr/artists/detail/9229,수집
장윤정,2024 장윤정 라이브 연말 콘서트 - 대구,호텔인터불고 대구 컨벤션홀,대구,수성구,2024-12-28,2024-12-28,1,콘서트,A,https://www.stagepick.co.kr/artists/detail/9229,수집
장윤정,2025 장윤정 라이브 콘서트 - 부산,부산 KBS홀,부산,수영구,2025-01-11,2025-01-11,1,콘서트,A,https://www.stagepick.co.kr/artists/detail/9229,수집
장윤정,2025 울산서머페스티벌,진하해수욕장,울산,울주군,2025-08-02,2025-08-07,1,페스티벌출연,A,https://www.stagepick.co.kr/artists/detail/9229,수집
장윤정,2025-26 장윤정 라이브 콘서트 <THE MASTER> - 안양,안양종합운동장,경기,안양시,2025-12-13,2025-12-13,1,콘서트,A,https://www.stagepick.co.kr/artists/detail/9229,수집
장윤정,2025-26 장윤정 라이브 콘서트 <THE MASTER> - 대구,경북대학교 대강당,대구,북구,2025-12-16,2025-12-16,1,콘서트,A,https://www.stagepick.co.kr/artists/detail/9229,수집
장윤정,2025-26 장윤정 라이브 콘서트 <THE MASTER> - 대전,충남대학교 국제문화회관 정심화홀,대전,유성구,2026-01-31,2026-01-31,1,콘서트,A,https://www.stagepick.co.kr/artists/detail/9229,수집
장윤정,2025-26 장윤정 라이브 콘서트 <THE MASTER> - 수원,경기도문화의전당,경기,수원시,2026-05-30,2026-05-30,1,콘서트,A,https://www.stagepick.co.kr/artists/detail/9229,수집
장윤정,2025-26 장윤정 라이브 콘서트 <THE MASTER> - 인천,인천문화예술회관 대공연장,인천,남동구,2026-06-13,2026-06-13,1,콘서트,A,https://www.stagepick.co.kr/performances/detail/212520,수집
장윤정,2025-26 장윤정 라이브 콘서트 <THE MASTER> - 성남,성남아트센터 오페라하우스,경기,성남시,2026-09-05,2026-09-05,1,콘서트,A,https://www.stagepick.co.kr/artists/detail/9229,수집
보아,BoA LIVE TOUR - BoA : One's Own,올림픽공원 SK올림픽핸드볼경기장,서울,송파구,2024-10-12,2024-10-13,2,콘서트,A,https://en.wikipedia.org/wiki/List_of_BoA_concert_tours,수집
보아,SMTOWN LIVE 2025 in SEOUL,고척스카이돔,서울,구로구,2025-01-11,2025-01-12,1,기타,A,https://www.stagepick.co.kr/artists/detail/4pRDWJpDFF7Wz2DF,수집
보아,2025 Weverse Con Festival - 인천,인스파이어 엔터테인먼트 리조트,인천,중구,2025-05-31,2025-06-01,1,페스티벌출연,A,https://www.stagepick.co.kr/artists/detail/4pRDWJpDFF7Wz2DF,수집
보아,2026 BoA FAN CONCERT [BoA the MIC],연세대학교 신촌캠퍼스 대강당,서울,서대문구,2026-06-27,2026-06-28,2,콘서트,A,https://www.stagepick.co.kr/performances/detail/215482,수집
거미,GUMMY Tour Concert 2024 <LOVE> - 부산,부산 KBS홀,부산,수영구,2024-12-07,2024-12-08,2,콘서트,A,https://www.stagepick.co.kr/artists/detail/8447,수집
거미,GUMMY Tour Concert 2024 <LOVE> - 서울,올림픽공원 올림픽홀,서울,송파구,2024-12-14,2024-12-15,2,콘서트,A,https://www.stagepick.co.kr/artists/detail/8447,수집
거미,GUMMY Tour Concert 2024 <LOVE> - 대구,경북대학교 대강당,대구,북구,2024-12-21,2024-12-22,2,콘서트,A,https://www.stagepick.co.kr/artists/detail/8447,수집
거미,GUMMY Tour Concert 2024 <LOVE> - 성남,성남아트센터 오페라하우스,경기,성남시,2024-12-27,2024-12-28,2,콘서트,A,https://www.stagepick.co.kr/artists/detail/8447,수집
거미,체리블라썸 뮤직 페스티벌 - 진해,진해공설운동장,경남,창원시,2025-03-29,2025-03-30,1,페스티벌출연,A,https://www.stagepick.co.kr/artists/detail/8447,수집
거미,코리아 메모리얼 페스타,올림픽공원 88잔디마당,서울,송파구,2025-06-07,2025-06-08,1,페스티벌출연,A,https://www.stagepick.co.kr/artists/detail/8447,수집
거미,2025 뮤직페스타 - 성남,성남종합운동장,경기,성남시,2025-06-28,2025-06-28,1,페스티벌출연,A,https://www.stagepick.co.kr/artists/detail/8447,수집
거미,영수증 콘서트 in 제주,제주국제컨벤션센터,제주,서귀포시,2025-08-30,2025-08-31,1,기타,A,https://www.stagepick.co.kr/artists/detail/8447,수집
거미,충주파크뮤직페스티벌 with 국악,충주 탄금공원 잔디광장,충북,충주시,2025-09-20,2025-09-20,1,페스티벌출연,A,https://www.stagepick.co.kr/artists/detail/8447,수집
조용필,20집 발매 기념 조용필&위대한탄생 콘서트 - 서울,KSPO DOME,서울,송파구,2024-11-23,2024-11-24,2,콘서트,A,https://namu.wiki/w/%EC%A1%B0%EC%9A%A9%ED%95%84/%EC%BD%98%EC%84%9C%ED%8A%B8,수집
조용필,20집 발매 기념 조용필&위대한탄생 콘서트 - 서울,KSPO DOME,서울,송파구,2024-11-30,2024-12-01,2,콘서트,A,https://namu.wiki/w/%EC%A1%B0%EC%9A%A9%ED%95%84/%EC%BD%98%EC%84%9C%ED%8A%B8,수집
조용필,20집 발매 기념 조용필&위대한탄생 콘서트 - 대구,EXCO 동관,대구,북구,2024-12-21,2024-12-21,1,콘서트,A,https://namu.wiki/w/%EC%A1%B0%EC%9A%A9%ED%95%84/%EC%BD%98%EC%84%9C%ED%8A%B8,수집
조용필,20집 발매 기념 조용필&위대한탄생 콘서트 - 부산,BEXCO 제1전시장,부산,해운대구,2024-12-28,2024-12-28,1,콘서트,A,https://namu.wiki/w/%EC%A1%B0%EC%9A%A9%ED%95%84/%EC%BD%98%EC%84%9C%ED%8A%B8,수집
조용필,20집 발매 기념 조용필&위대한탄생 콘서트 - 인천,송도컨벤시아 2~4홀,인천,연수구,2025-01-25,2025-01-25,1,콘서트,A,https://m.ticket.yes24.com/Perf/52058,수집
조용필,20집 발매 기념 조용필&위대한탄생 콘서트 - 대전,대전컨벤션센터 제2전시장,대전,유성구,2025-04-05,2025-04-05,1,콘서트,A,https://m.ticket.yes24.com/Perf/52765,수집
조용필,2025-26 조용필&위대한탄생 전국투어 콘서트 - 부산,BEXCO 제1전시장,부산,해운대구,2025-12-13,2025-12-14,2,콘서트,A,https://www.joongangenews.com/news/articleView.html?idxno=460137,수집
조용필,2025-26 조용필&위대한탄생 전국투어 콘서트 - 대구,EXCO 동관,대구,북구,2025-12-20,2025-12-21,2,콘서트,A,https://www.joongangenews.com/news/articleView.html?idxno=460137,수집
조용필,2025-26 조용필&위대한탄생 전국투어 콘서트 - 인천,남동체육관,인천,남동구,2025-12-27,2025-12-28,2,콘서트,A,https://www.joongangenews.com/news/articleView.html?idxno=460137,수집
조용필,2025-26 조용필&위대한탄생 전국투어 콘서트 - 광주,김대중컨벤션센터,광주,서구,2026-01-03,2026-01-03,1,콘서트,A,https://www.joongangenews.com/news/articleView.html?idxno=460137,수집
조용필,2025-26 조용필&위대한탄생 전국투어 콘서트 - 서울,올림픽공원 KSPO DOME,서울,송파구,2026-01-09,2026-01-11,3,콘서트,A,https://www.joongangenews.com/news/articleView.html?idxno=460137,수집
이승철,2025 이승철 콘서트 <오케스트락2> - 세종,세종예술의전당,세종,,2025-03-08,2025-03-08,1,콘서트,A,https://munhwa.com/news/view.html?no=2025030601039912069008,수집
이승철,2025 이승철 콘서트 <오케스트락2> - 여수,,전남,여수시,2025-03-15,2025-03-15,1,콘서트,A,https://munhwa.com/news/view.html?no=2025030601039912069008,수집
이승철,2025 이승철 콘서트 <오케스트락2> - 부산,,부산,,2025-03-22,2025-03-22,1,콘서트,A,https://munhwa.com/news/view.html?no=2025030601039912069008,수집
이승철,2025 이승철 콘서트 <오케스트락2> - 이천,,경기,이천시,2025-03-29,2025-03-29,1,콘서트,A,https://munhwa.com/news/view.html?no=2025030601039912069008,수집
이승철,2025 이승철 콘서트 <오케스트락2> - 경주,,경북,경주시,2025-04-05,2025-04-05,1,콘서트,A,https://munhwa.com/news/view.html?no=2025030601039912069008,수집
이승철,2025 이승철 콘서트 <오케스트락2> - 의정부,,경기,의정부시,2025-04-19,2025-04-19,1,콘서트,A,https://munhwa.com/news/view.html?no=2025030601039912069008,수집
이승철,2025 이승철 콘서트 <오케스트락2> - 대구,,대구,,2025-04-26,2025-04-26,1,콘서트,A,https://munhwa.com/news/view.html?no=2025030601039912069008,수집
이승철,2025 이승철 콘서트 <오케스트락2> - 안동,,경북,안동시,2025-05-17,2025-05-17,1,콘서트,A,https://munhwa.com/news/view.html?no=2025030601039912069008,수집
이승철,2025 이승철 콘서트 <오케스트락2> - 천안,,충남,천안시,2025-05-24,2025-05-24,1,콘서트,A,https://munhwa.com/news/view.html?no=2025030601039912069008,수집
이승철,2025 이승철 콘서트 <오케스트락2> - 울산,,울산,,2025-06-01,2025-06-01,1,콘서트,A,https://munhwa.com/news/view.html?no=2025030601039912069008,수집
이승철,2025 이승철 콘서트 <오케스트락2> - 대전,,대전,,2025-06-07,2025-06-07,1,콘서트,A,https://munhwa.com/news/view.html?no=2025030601039912069008,수집
이승철,2025 이승철 콘서트 <오케스트락2> - 전주,,전북,전주시,2025-06-21,2025-06-21,1,콘서트,A,https://munhwa.com/news/view.html?no=2025030601039912069008,수집
이승철,2025 이승철 콘서트 <오케스트락2> - 군포,,경기,군포시,2025-06-28,2025-06-28,1,콘서트,A,https://munhwa.com/news/view.html?no=2025030601039912069008,수집
이승철,2025 이승철 콘서트 <오케스트락3> - 안동,,경북,안동시,2025-11-01,2025-11-01,1,콘서트,A,https://www.munhwa.com/article/11542785,수집
이승철,2025 이승철 콘서트 <오케스트락3> - 서울,,서울,,2025-11-22,2025-11-23,2,콘서트,A,https://www.munhwa.com/article/11542785,수집
이승철,2025 이승철 콘서트 <오케스트락3> - 인천,,인천,,2025-12-06,2025-12-06,1,콘서트,A,https://www.munhwa.com/article/11542785,수집
이승철,2025 이승철 콘서트 <오케스트락3> - 용인,,경기,용인시,2025-12-13,2025-12-13,1,콘서트,A,https://www.munhwa.com/article/11542785,수집
이승철,2025 이승철 콘서트 <오케스트락3> - 구미,,경북,구미시,2025-12-21,2025-12-21,1,콘서트,A,https://www.munhwa.com/article/11542785,수집
이승철,2025 이승철 콘서트 <오케스트락3> - 창원,,경남,창원시,2025-12-27,2025-12-27,1,콘서트,A,https://www.munhwa.com/article/11542785,수집
이승철,2026 이승철 40주년 콘서트 [THE VOICE: LEE SEUNG CHUL] - 청주,,충북,청주시,,,1,콘서트,C,https://sports.khan.co.kr/article/202605202048003,수집
권은비,3rd GPD FORUM 예술뉴런-뮤지카,상명아트센터 계당홀,서울,종로구,2024-01-13,2024-01-13,1,기타,A,https://www.stagepick.co.kr/artists/detail/8348,수집
권은비,AliExpress 2024 Weverse Con Festival - 인천,인스파이어 엔터테인먼트 리조트,인천,중구,2024-06-15,2024-06-16,1,페스티벌출연,B,https://www.stagepick.co.kr/artists/detail/8348,수집
권은비,2024 울산서머페스티벌,강동중앙공원,울산,북구,2024-08-09,2024-08-14,1,페스티벌출연,B,https://www.stagepick.co.kr/artists/detail/8348,수집
권은비,워터밤 대전 2024,목원대학교 대운동장,대전,서구,2024-08-10,2024-08-10,1,페스티벌출연,A,https://www.stagepick.co.kr/artists/detail/8348,수집
권은비,워터밤 속초 2024,한화리조트 설악,강원,속초시,2024-08-17,2024-08-17,1,페스티벌출연,A,https://www.stagepick.co.kr/artists/detail/8348,수집
권은비,대한민국 상생 K-POP 콘서트 WITH 춘천 2024,춘천 송암스포츠타운 보조경기장,강원,춘천시,2024-10-03,2024-10-03,1,기타,A,https://www.stagepick.co.kr/artists/detail/8348,수집
권은비,제30회 드림콘서트 - 고양,고양종합운동장,경기,고양시,2024-10-19,2024-10-19,1,기타,A,https://www.stagepick.co.kr/artists/detail/8348,수집
권은비,워터밤 서울 2025,킨텍스 야외 글로벌 스테이지,경기,고양시,2025-07-04,2025-07-06,1,페스티벌출연,B,https://www.stagepick.co.kr/artists/detail/8348,수집
권은비,워터밤 부산 2025,부산항 제1부두,부산,중구,2025-07-26,2025-07-26,1,페스티벌출연,A,https://www.stagepick.co.kr/artists/detail/8348,수집
권은비,2025 권은비 콘서트 'THE RED' - 서울,연세대학교 신촌캠퍼스 대강당,서울,서대문구,2025-08-23,2025-08-24,2,콘서트,A,https://www.stagepick.co.kr/performances/detail/200952,수집
권은비,2026 MCT FESTIVAL BIG CONCERT with KOMCA,마곡나루역 앞 특설무대,서울,강서구,2026-06-20,2026-06-21,1,페스티벌출연,B,https://www.stagepick.co.kr/artists/detail/8348,수집
윤도현,2024 YB TOUR [LIGHTS : INFINITY] - 대구,영남대학교 천마아트센터,경북,경산시,2024-03-09,2024-03-10,2,콘서트,B,https://www.stagepick.co.kr/artists/detail/8634,수집
윤도현,2024 YB TOUR [LIGHTS : INFINITY] - 수원,경기아트센터 대극장,경기,수원시,2024-03-16,2024-03-17,2,콘서트,A,https://www.stagepick.co.kr/artists/detail/8634,수집
윤도현,2024 YB TOUR [LIGHTS : INFINITY] - 안산,안산문화예술의전당 해돋이극장,경기,안산시,2024-03-23,2024-03-24,2,콘서트,A,https://www.stagepick.co.kr/artists/detail/8634,수집
윤도현,2024 YB TOUR [LIGHTS : INFINITY] - 창원,KBS 창원홀,경남,창원시,2024-03-30,2024-03-31,2,콘서트,A,https://www.stagepick.co.kr/artists/detail/8634,수집
윤도현,2024 YB TOUR [LIGHTS : INFINITY] - 부산,KBS 부산홀,부산,수영구,2024-04-06,2024-04-07,2,콘서트,A,https://www.stagepick.co.kr/artists/detail/8634,수집
윤도현,2024 YB TOUR [LIGHTS : INFINITY] - 전주,한국소리문화의전당 모악당,전북,전주시,2024-04-20,2024-04-21,2,콘서트,A,https://www.stagepick.co.kr/artists/detail/8634,수집
윤도현,2024 YB TOUR [LIGHTS : INFINITY] - 원주,백운아트홀,강원,원주시,2024-05-04,2024-05-05,2,콘서트,A,https://www.stagepick.co.kr/artists/detail/8634,수집
윤도현,2024 YB TOUR [LIGHTS : INFINITY] - 용인,용인포은아트홀,경기,용인시,2024-05-11,2024-05-12,2,콘서트,A,https://www.stagepick.co.kr/artists/detail/8634,수집
윤도현,2024 YB TOUR [LIGHTS : INFINITY] - 광주,김대중컨벤션센터 다목적홀,광주,서구,2024-05-18,2024-05-18,1,콘서트,A,https://www.stagepick.co.kr/artists/detail/8634,수집
윤도현,2024 YB TOUR [LIGHTS : INFINITY] - 고양,고양아람누리 아람극장,경기,고양시,2024-06-01,2024-06-02,2,콘서트,A,https://www.stagepick.co.kr/artists/detail/8634,수집
윤도현,2024 YB TOUR [LIGHTS : INFINITY] - 서울,장충체육관,서울,중구,2024-06-08,2024-06-09,2,콘서트,A,https://www.stagepick.co.kr/artists/detail/8634,수집
윤도현,청춘썸머나잇 - 고양,일산 킨텍스,경기,고양시,2024-07-06,2024-07-07,1,페스티벌출연,B,https://www.stagepick.co.kr/artists/detail/8634,수집
윤도현,장흥 Rock 페스티벌,정남진 장흥물축제 글로벌 워터월드무대,전남,장흥군,2024-07-31,2024-08-01,1,페스티벌출연,B,https://www.stagepick.co.kr/artists/detail/8634,수집
윤도현,JUMF 2024 전주얼티밋뮤직페스티벌,전주종합경기장,전북,전주시,2024-08-09,2024-08-11,1,페스티벌출연,B,https://www.stagepick.co.kr/artists/detail/8634,수집
윤도현,제2회 강진 하맥축제 - 강진,강진종합운동장,전남,강진군,2024-08-29,2024-08-31,1,페스티벌출연,B,https://www.stagepick.co.kr/artists/detail/8634,수집
윤도현,2024 KT Voyage to Jarasum - 가평,자라섬,경기,가평군,2024-08-31,2024-09-01,1,페스티벌출연,B,https://www.stagepick.co.kr/artists/detail/8634,수집
윤도현,2024 파주포크 페스티벌,임진각 평화누리,경기,파주시,2024-09-21,2024-09-21,1,페스티벌출연,A,https://www.stagepick.co.kr/artists/detail/8634,수집
윤도현,YB Concert <Curtain call>,롤링홀,서울,마포구,2024-10-10,2024-10-10,1,콘서트,A,https://www.stagepick.co.kr/artists/detail/8634,수집
윤도현,금산다락원 개관 20주년 YB밴드 단독 기념공연: The Encore - 금산,금산다락원 대공연장,충남,금산군,2024-11-11,2024-11-11,1,단독공연,A,https://www.stagepick.co.kr/artists/detail/8634,수집
윤도현,롤링 30주년 기념 공연 YB : Metalogic,롤링홀,서울,마포구,2025-03-01,2025-03-02,2,콘서트,A,https://www.stagepick.co.kr/artists/detail/8634,수집
윤도현,체리블라썸 뮤직 페스티벌 - 진해,진해공설운동장,경남,창원시,2025-03-29,2025-03-30,1,페스티벌출연,B,https://www.stagepick.co.kr/artists/detail/8634,수집
윤도현,YB - 꿀파티 vol.4 in 춘천,KT&G 상상마당 춘천 사운드홀,강원,춘천시,2025-04-05,2025-04-06,2,콘서트,A,https://www.stagepick.co.kr/artists/detail/8634,수집
윤도현,LOUD BRIDGE FESTIVAL SEOUL 2025,악스코리아(AX-KOREA),서울,광진구,2025-04-12,2025-04-13,1,페스티벌출연,B,https://www.stagepick.co.kr/artists/detail/8634,수집
윤도현,2025 성장장성 락페스티벌,장성군청 옆 특설무대,전남,장성군,2025-04-19,2025-04-19,1,페스티벌출연,A,https://www.stagepick.co.kr/artists/detail/8634,수집
윤도현,Beautiful Mint Life 2025,올림픽공원 올림픽홀,서울,송파구,2025-06-13,2025-06-15,1,페스티벌출연,B,https://www.stagepick.co.kr/artists/detail/8634,수집
윤도현,1901 라이브로드 페스타 - 인천,상상플랫폼,인천,중구,2025-06-21,2025-06-22,1,페스티벌출연,B,https://www.stagepick.co.kr/artists/detail/8634,수집
윤도현,2025 여수 K-메가아일랜드 페스티벌,여수엑스포장 스카이타워 일원,전남,여수시,2025-07-26,2025-08-02,1,페스티벌출연,B,https://www.stagepick.co.kr/artists/detail/8634,수집
윤도현,장흥 Rock 페스티벌,정남진 장흥물축제 글로벌 워터월드무대,전남,장흥군,2025-07-31,2025-07-31,1,페스티벌출연,A,https://www.stagepick.co.kr/artists/detail/8634,수집
윤도현,JUMF 2025 전주얼티밋뮤직페스티벌,전북대학교 대운동장,전북,전주시,2025-08-15,2025-08-17,1,페스티벌출연,B,https://www.stagepick.co.kr/artists/detail/8634,수집
윤도현,YB x Jelusick - Odyssey : Seoul,롤링홀,서울,마포구,2025-08-19,2025-08-19,1,콘서트,A,https://www.stagepick.co.kr/artists/detail/8634,수집
윤도현,2025 사운드 플래닛 페스티벌 - 인천,파라다이스시티,인천,중구,2025-09-13,2025-09-14,1,페스티벌출연,B,https://www.stagepick.co.kr/artists/detail/8634,수집
윤도현,영수증 콘서트 in 부산,화명생태공원 축구장 A&B,부산,북구,2025-10-25,2025-10-26,1,페스티벌출연,B,https://www.stagepick.co.kr/artists/detail/8634,수집
윤도현,YB REMASTERED 3.0 : Transcendent - 서울,장충체육관,서울,중구,2025-11-22,2025-11-23,2,콘서트,A,https://www.stagepick.co.kr/artists/detail/8634,수집
윤도현,YB REMASTERED 3.0 : Odyssey - 안산,안산문화예술의전당 해돋이극장,경기,안산시,2025-11-29,2025-11-30,2,콘서트,A,https://www.stagepick.co.kr/artists/detail/8634,수집
윤도현,YB REMASTERED 3.0 : Odyssey - 창원,KBS 창원홀,경남,창원시,2025-12-06,2025-12-07,2,콘서트,A,https://www.stagepick.co.kr/artists/detail/8634,수집
윤도현,YB REMASTERED 3.0 : Odyssey - 수원,경기아트센터 대극장,경기,수원시,2025-12-13,2025-12-14,2,콘서트,A,https://www.stagepick.co.kr/artists/detail/8634,수집
윤도현,YB REMASTERED 3.0 : Transcendent - 대구,대구 엑스코(EXCO),대구,북구,2025-12-20,2025-12-20,1,콘서트,A,https://www.stagepick.co.kr/artists/detail/8634,수집
윤도현,YB REMASTERED 3.0 : Odyssey - 고양,고양아람누리 아람극장,경기,고양시,2025-12-24,2025-12-25,2,콘서트,A,https://www.stagepick.co.kr/artists/detail/8634,수집
윤도현,YB REMASTERED 3.0 : Odyssey - 부산,벡스코 오디토리움,부산,해운대구,2025-12-27,2025-12-28,2,콘서트,A,https://www.stagepick.co.kr/artists/detail/8634,수집
윤도현,YB REMASTERED 3.0 : Transcendent - 강릉,가톨릭관동대학교 세바스티아노 스포츠센터,강원,강릉시,2026-01-03,2026-01-03,1,콘서트,A,https://www.stagepick.co.kr/artists/detail/8634,수집
윤도현,너트30 페스티벌 - 크라잉넛 with YB,KT&G 상상마당,서울,마포구,2026-01-06,2026-01-06,1,페스티벌출연,A,https://www.stagepick.co.kr/artists/detail/8634,수집
윤도현,YB REMASTERED 3.0 : Odyssey - 원주,백운아트홀,강원,원주시,2026-01-10,2026-01-11,2,콘서트,A,https://www.stagepick.co.kr/artists/detail/8634,수집
윤도현,YB REMASTERED 3.0 : Transcendent - 포항,포항종합운동장 실내체육관,경북,포항시,2026-01-17,2026-01-18,2,콘서트,A,https://www.stagepick.co.kr/artists/detail/8634,수집
윤도현,YB REMASTERED 3.0 : Transcendent - 대전,대전컨벤션센터,대전,유성구,2026-01-24,2026-01-25,2,콘서트,A,https://www.stagepick.co.kr/artists/detail/8634,수집
윤도현,YB REMASTERED 3.0 : Odyssey - 의정부,의정부예술의전당 대극장,경기,의정부시,2026-01-31,2026-02-01,2,콘서트,A,https://www.stagepick.co.kr/artists/detail/8634,수집
윤도현,YB REMASTERED 3.0 : Odyssey - 청주,청주예술의전당,충북,청주시,2026-02-07,2026-02-08,2,콘서트,A,https://www.stagepick.co.kr/artists/detail/8634,수집
윤도현,YB REMASTERED 3.0 : Odyssey - 울산,울산KBS홀,울산,남구,2026-02-14,2026-02-15,2,콘서트,A,https://www.stagepick.co.kr/artists/detail/8634,수집
윤도현,YB REMASTERED 3.0 : Odyssey - 광주,김대중컨벤션센터,광주,서구,2026-02-21,2026-02-22,2,콘서트,A,https://www.stagepick.co.kr/artists/detail/8634,수집
윤도현,YB REMASTERED 3.0 : Odyssey - 천안,천안예술의전당 대공연장,충남,천안시,2026-02-28,2026-03-01,2,콘서트,A,https://www.stagepick.co.kr/artists/detail/8634,수집
윤도현,YB REMASTERED 3.0 : Odyssey - 인천,인천문화예술회관,인천,남동구,2026-03-07,2026-03-08,2,콘서트,A,https://www.stagepick.co.kr/artists/detail/8634,수집
윤도현,YB REMASTERED 3.0 : Odyssey - 용인,용인포은아트홀,경기,용인시,2026-03-13,2026-03-14,2,콘서트,A,https://www.stagepick.co.kr/artists/detail/8634,수집
윤도현,YB REMASTERED 3.0 : Odyssey - 전주,한국소리문화의전당 모악당,전북,전주시,2026-03-21,2026-03-22,2,콘서트,A,https://www.stagepick.co.kr/artists/detail/8634,수집
윤도현,YB REMASTERED 3.0 : THE FINAL,블루스퀘어 아이마켓홀,서울,용산구,2026-04-18,2026-04-19,2,콘서트,A,https://www.stagepick.co.kr/artists/detail/8634,수집
린,JUMF 2024 전주얼티밋뮤직페스티벌,전주종합경기장,전북,전주시,2024-08-09,2024-08-11,1,페스티벌출연,B,https://www.stagepick.co.kr/artists/detail/9107,수집
린,2024 현역가왕 전국투어 콘서트 - 안동,안동체육관,경북,안동시,2024-08-31,2024-08-31,1,콘서트,A,https://www.stagepick.co.kr/artists/detail/9107,수집
린,2024 현역가왕 전국투어 콘서트 - 진주,진주실내체육관,경남,진주시,2024-09-07,2024-09-07,1,콘서트,A,https://www.stagepick.co.kr/artists/detail/9107,수집
린,2024 린(LYn) 콘서트 <HOME>,신한카드 SOL페이 스퀘어 라이브홀,서울,마포구,2024-10-05,2024-10-06,2,콘서트,A,https://www.stagepick.co.kr/artists/detail/9107,수집
린,2025 뮤직페스타 - 성남,성남종합운동장,경기,성남시,2025-10-18,2025-10-18,1,페스티벌출연,A,https://www.stagepick.co.kr/artists/detail/9107,수집
린,영수증 콘서트 in 부산,화명생태공원 축구장 A&B,부산,북구,2025-10-25,2025-10-26,1,페스티벌출연,B,https://www.stagepick.co.kr/artists/detail/9107,수집
린,2025 린(LYn) 콘서트 <HOME>,한전아트센터,서울,서초구,2025-11-28,2025-11-29,2,콘서트,A,https://gugaktimes.com/mobile/article.html?no=79106,수집
다이나믹듀오,"2024 다이나믹 듀오 단독 콘서트 ""가끔씩 오래 보자"" - 서울",올림픽공원 올림픽홀,서울,송파구,2024-12-06,2024-12-08,3,콘서트,A,https://edaily.co.kr/News/Read?mediaCodeNo=258&newsId=01285766639050952,수집
다이나믹듀오,"2024 다이나믹 듀오 단독 콘서트 ""가끔씩 오래 보자"" - 부산",벡스코 오디토리움,부산,해운대구,2024-12-21,2024-12-21,1,콘서트,A,https://edaily.co.kr/News/Read?mediaCodeNo=258&newsId=01285766639050952,수집
다이나믹듀오,"2025 다이나믹 듀오 단독 콘서트 ""가끔씩 오래 보자"" - 부산",BEXCO 오디토리움,부산,해운대구,2025-12-20,2025-12-21,2,콘서트,A,https://www.stagepick.co.kr/performances/detail/206176,수집
다이나믹듀오,"2025 다이나믹 듀오 단독 콘서트 ""가끔씩 오래 보자"" - 대구",엑스코 동관 4홀,대구,북구,2025-12-24,2025-12-24,1,콘서트,A,https://www.stagepick.co.kr/performances/detail/206176,수집
다이나믹듀오,"2025 다이나믹 듀오 단독 콘서트 ""가끔씩 오래 보자"" - 광주",김대중컨벤션센터 다목적홀,광주,서구,2025-12-27,2025-12-27,1,콘서트,A,https://www.stagepick.co.kr/performances/detail/206176,수집
다이나믹듀오,"2025 다이나믹 듀오 단독 콘서트 ""가끔씩 오래 보자"" - 서울",장충체육관,서울,중구,2026-01-23,2026-01-25,3,콘서트,A,https://www.stagepick.co.kr/performances/detail/206176,수집
악동뮤지션,AKMU 전국투어 [AKMUTOPIA] - 수원,수원컨벤션센터 1~2홀,경기,수원시,2024-01-06,2024-01-07,2,콘서트,A,https://namu.wiki/w/AKMU/%EA%B3%B5%EC%97%B0%20%EB%B0%8F%20%EC%BD%98%EC%84%9C%ED%8A%B8,수집
악동뮤지션,AKMU 전국투어 [AKMUTOPIA] - 순천,순천만생태문화교육원 다목적홀,전남,순천시,2024-01-13,2024-01-13,1,콘서트,A,https://namu.wiki/w/AKMU/%EA%B3%B5%EC%97%B0%20%EB%B0%8F%20%EC%BD%98%EC%84%9C%ED%8A%B8,수집
악동뮤지션,AKMU 전국투어 [AKMUTOPIA] - 대전,대전컨벤션센터 제2전시장 2~4홀,대전,유성구,2024-01-20,2024-01-21,2,콘서트,A,https://namu.wiki/w/AKMU/%EA%B3%B5%EC%97%B0%20%EB%B0%8F%20%EC%BD%98%EC%84%9C%ED%8A%B8,수집
악동뮤지션,AKMU 전국투어 [AKMUTOPIA] - 인천,인스파이어 아레나,인천,중구,2024-01-27,2024-01-28,2,콘서트,A,https://namu.wiki/w/AKMU/%EA%B3%B5%EC%97%B0%20%EB%B0%8F%20%EC%BD%98%EC%84%9C%ED%8A%B8,수집
악동뮤지션,2024 AKMU 10th ANNIVERSARY CONCERT [10VE],KSPO DOME,서울,송파구,2024-06-15,2024-06-16,2,콘서트,A,https://www.stagepick.co.kr/artists/detail/7387,수집
악동뮤지션,2025 AKMU STANDING CONCERT [악동들],명화라이브홀,서울,광진구,2025-08-08,2025-08-24,1,콘서트,A,https://www.stagepick.co.kr/artists/detail/7387,수집
FTISLAND,2024 FTISLAND CONCERT 'FTSODE',광운대학교 동해문화예술관,서울,노원구,2024-12-28,2024-12-29,2,콘서트,A,https://www.stagepick.co.kr/performances/detail/192718,수집
FTISLAND,2025 FTISLAND CONCERT 'FTSODE',광운대학교 동해문화예술관,서울,노원구,2025-12-27,2025-12-28,2,콘서트,A,https://www.stagepick.co.kr/performances/detail/192718,수집
FTISLAND,2026 FTISLAND TOUR 0 - XIX - III 'FaTe' in SEOUL,KBS아레나,서울,강서구,2026-06-06,2026-06-07,2,콘서트,A,https://www.topstarnews.net/news/articleView.html?idxno=16045759,수집
케이윌,2024 K.WILL FANMEETING <케엠핑>,서강대학교 메리홀 대극장,서울,마포구,2024-08-17,2024-08-17,1,팬미팅,A,https://www.stagepick.co.kr/artists/detail/1537,수집
케이윌,2024 케이윌 소극장 콘서트 <All The Way> - 서울,이화여자대학교 삼성홀,서울,서대문구,2024-10-11,2024-10-13,3,콘서트,A,https://www.stagepick.co.kr/artists/detail/1537,수집
케이윌,2024 케이윌 소극장 콘서트 <All The Way> - 부산,동서대학교 소향씨어터 신한카드홀,부산,해운대구,2024-11-30,2024-12-01,2,콘서트,A,https://www.stagepick.co.kr/artists/detail/1537,수집
케이윌,2024 케이윌 앵콜 콘서트 <All The Way>: Christmas Edition,연세대학교 대강당,서울,서대문구,2024-12-24,2024-12-25,2,콘서트,A,https://www.stagepick.co.kr/artists/detail/1537,수집
케이윌,최고의 발라더 with 백지영·케이윌 - 경주,경주예술의전당 대공연장,경북,경주시,2025-03-26,2025-03-26,1,콘서트,A,https://www.stagepick.co.kr/artists/detail/1537,수집
케이윌,2025 케이윌 팬미팅 <윌다방>,신한pLay 스퀘어 라이브홀,서울,마포구,2025-07-05,2025-07-05,1,팬미팅,A,https://www.stagepick.co.kr/artists/detail/1537,수집
케이윌,Starry Night In Busan,부산 KBS홀,부산,수영구,2025-10-25,2025-10-25,1,기타,A,https://www.stagepick.co.kr/artists/detail/1537,수집
케이윌,영수증 콘서트 in 부산,화명생태공원 축구장 A&B,부산,북구,2025-10-25,2025-10-26,1,페스티벌출연,B,https://www.stagepick.co.kr/artists/detail/1537,수집
케이윌,2025 케이윌 콘서트 <Good Luck>,경희대학교 평화의전당,서울,동대문구,2025-12-06,2025-12-07,2,콘서트,A,https://www.stagepick.co.kr/artists/detail/1537,수집
케이윌,체리블라썸 뮤직 페스티벌 - 진해,진해공설운동장,경남,창원시,2026-04-03,2026-04-05,1,페스티벌출연,B,https://www.stagepick.co.kr/artists/detail/1537,수집
케이윌,2026 G-SL 뮤직페스티벌 - 가평,음악역1939,경기,가평군,2026-04-25,2026-05-09,1,페스티벌출연,B,https://www.stagepick.co.kr/artists/detail/1537,수집
청하,2024 입크페스티벌,수원월드컵경기장 보조경기장,경기,수원시,2024-06-08,2024-06-08,1,페스티벌출연,A,https://www.stagepick.co.kr/artists/detail/6859,수집
청하,코리아 메모리얼 페스타,올림픽공원 88잔디마당,서울,송파구,2024-06-08,2024-06-09,1,페스티벌출연,B,https://www.stagepick.co.kr/artists/detail/6859,수집
청하,워터밤 인천 2024,상상플랫폼 야외광장,인천,중구,2024-08-03,2024-08-03,1,페스티벌출연,A,https://www.stagepick.co.kr/artists/detail/6859,수집
청하,워터밤 대전 2024,목원대학교 대운동장,대전,서구,2024-08-10,2024-08-10,1,페스티벌출연,A,https://www.stagepick.co.kr/artists/detail/6859,수집
청하,GS25 뮤비페,일산 킨텍스 제1전시장 3홀,경기,고양시,2024-08-17,2024-08-17,1,페스티벌출연,A,https://www.stagepick.co.kr/artists/detail/6859,수집
청하,2024 CassCool Festival,서울랜드,경기,과천시,2024-08-24,2024-08-24,1,페스티벌출연,A,https://www.stagepick.co.kr/artists/detail/6859,수집
청하,MyK FESTA (MyK LIVE KPOP),KSPO DOME,서울,송파구,2025-06-19,2025-06-21,1,페스티벌출연,B,https://www.stagepick.co.kr/artists/detail/6859,수집
청하,워터밤 서울 2025,킨텍스 야외 글로벌 스테이지,경기,고양시,2025-07-04,2025-07-06,1,페스티벌출연,B,https://www.stagepick.co.kr/artists/detail/6859,수집
청하,워터밤 속초 2025,한화리조트 설악 쏘라노,강원,속초시,2025-08-23,2025-08-23,1,페스티벌출연,A,https://www.stagepick.co.kr/artists/detail/6859,수집
청하,2025 CLICK THE STAR K-POP MUSIC FESTIVAL,자라섬,경기,가평군,2025-08-30,2025-08-30,1,페스티벌출연,A,https://www.stagepick.co.kr/artists/detail/6859,수집
청하,2026 달성워터스플래시,강정보디아크광장,대구,달성군,2026-07-18,2026-07-18,1,페스티벌출연,A,https://www.stagepick.co.kr/artists/detail/6859,수집
Zion.T,2024 메모리즈 - 자이언티&원슈타인,경기아트센터 대극장,경기,수원시,2024-01-13,2024-01-13,1,콘서트,A,https://m.ticket.yes24.com/Perf/47969,수집
Zion.T,러브 인 서울 2024 스탠다드 프렌즈,블루스퀘어 마스터카드홀,서울,용산구,2024-11-17,2024-11-17,1,콘서트,B,https://www.luck-d.com/ticket/265,수집
김연자,2024 신년콘서트 - 거창,거창문화센터,경남,거창군,2024-01-27,2024-01-27,1,콘서트,A,https://www.stagepick.co.kr/artists/detail/9067,수집
김연자,2024 새봄콘서트 - 트로트퀸 김연자 콘서트 - 음성,음성문화예술회관,충북,음성군,2024-04-06,2024-04-06,1,콘서트,A,https://www.stagepick.co.kr/artists/detail/9067,수집
김연자,2024 데뷔 50주년 김연자 광주콘서트,광주예술의전당,광주,북구,2024-06-02,2024-06-02,1,콘서트,A,https://www.stagepick.co.kr/artists/detail/9067,수집
김연자,2024 울산서머페스티벌,강동중앙공원,울산,북구,2024-08-09,2024-08-14,1,페스티벌출연,B,https://www.stagepick.co.kr/artists/detail/9067,수집
김연자,제5회 아라가야 뮤직 페스티벌,함안실내체육관,경남,함안군,2024-09-20,2024-09-20,1,페스티벌출연,A,https://www.stagepick.co.kr/artists/detail/9067,수집
김연자,2024 광양 KPOP 페스티벌,광양공설운동장,전남,광양시,2024-10-25,2024-10-26,1,페스티벌출연,B,https://www.stagepick.co.kr/artists/detail/9067,수집
김연자,ASAC 송년콘서트 <김연자 데뷔 50주년 콘서트-블링블링 아모르파티> - 안산,안산문화예술의전당,경기,안산시,2024-12-21,2024-12-21,1,콘서트,A,https://www.stagepick.co.kr/artists/detail/9067,수집
김연자,세대공감 트로트SHOW - 제주,서귀포예술의전당,제주,서귀포시,2025-05-10,2025-05-10,1,콘서트,A,https://www.stagepick.co.kr/artists/detail/9067,수집
김연자,2025년 가정의 달 <효 콘서트> - 함양,함양군문화예술회관,경남,함양군,2025-05-23,2025-05-23,1,콘서트,A,https://www.stagepick.co.kr/artists/detail/9067,수집
김연자,MBN 2025 코리아 트롯 페스티벌 - 인천,송도달빛축제공원,인천,연수구,2025-05-30,2025-06-01,1,페스티벌출연,B,https://www.stagepick.co.kr/artists/detail/9067,수집
김연자,아모르파티 in 광산 - 광주,광산문화예술회관,광주,광산구,2025-08-23,2025-08-23,1,콘서트,A,https://www.stagepick.co.kr/artists/detail/9067,수집
김연자,2025 CLICK THE STAR K-POP MUSIC FESTIVAL - 가평,자라섬,경기,가평군,2025-08-30,2025-08-30,1,페스티벌출연,A,https://www.stagepick.co.kr/artists/detail/9067,수집
김연자,2026 하남뮤직페스티벌 <뮤직 人 The 하남>,하남종합운동장,경기,하남시,2026-04-17,2026-04-18,1,페스티벌출연,B,https://www.stagepick.co.kr/artists/detail/9067,수집
김연자,"효 콘서트 [진성, 김연자, 신인선] - 울진",울진연호문화센터,경북,울진군,2026-05-08,2026-05-08,1,콘서트,A,https://www.stagepick.co.kr/artists/detail/9067,수집
김연자,The Grand Show! 김연자x나태주x조엘라,강북문화예술회관,서울,강북구,2026-05-29,2026-05-29,1,콘서트,A,https://www.stagepick.co.kr/artists/detail/9067,수집
이문세,2024-2025 Theatre 이문세,한국소리문화의전당 모악당,전북,전주시,2024-03-08,2024-03-09,2,콘서트,A,https://namu.wiki/w/%EC%9D%B4%EB%AC%B8%EC%84%B8/%EC%BD%98%EC%84%9C%ED%8A%B8,수집
이문세,2024-2025 Theatre 이문세,울산문화예술회관 대공연장,울산,남구,2024-03-22,2024-03-23,2,콘서트,A,https://namu.wiki/w/%EC%9D%B4%EB%AC%B8%EC%84%B8/%EC%BD%98%EC%84%9C%ED%8A%B8,수집
이문세,2024-2025 Theatre 이문세,세종문화회관 대극장,서울,종로구,2024-04-03,,1,콘서트,B,https://namu.wiki/w/%EC%9D%B4%EB%AC%B8%EC%84%B8/%EC%BD%98%EC%84%9C%ED%8A%B8,수집
이문세,2024-2025 Theatre 이문세,광주예술의전당 대극장,광주,북구,2024-04-19,2024-04-20,2,콘서트,A,https://namu.wiki/w/%EC%9D%B4%EB%AC%B8%EC%84%B8/%EC%BD%98%EC%84%9C%ED%8A%B8,수집
이문세,2024-2025 Theatre 이문세,드림씨어터,부산,남구,2024-05-03,2024-05-18,1,콘서트,B,https://namu.wiki/w/%EC%9D%B4%EB%AC%B8%EC%84%B8/%EC%BD%98%EC%84%9C%ED%8A%B8,수집
이문세,2024-2025 Theatre 이문세,안산문화예술의전당 해돋이극장,경기,안산시,2024-05-31,2024-06-01,2,콘서트,A,https://namu.wiki/w/%EC%9D%B4%EB%AC%B8%EC%84%B8/%EC%BD%98%EC%84%9C%ED%8A%B8,수집
이문세,2024-2025 Theatre 이문세,충남대학교 정심화홀,대전,유성구,2024-06-15,2024-06-16,2,콘서트,A,https://namu.wiki/w/%EC%9D%B4%EB%AC%B8%EC%84%B8/%EC%BD%98%EC%84%9C%ED%8A%B8,수집
이문세,2024-2025 Theatre 이문세,영남대학교 천마아트센터 그랜드홀,경북,경산시,2024-06-29,2024-06-30,2,콘서트,A,https://namu.wiki/w/%EC%9D%B4%EB%AC%B8%EC%84%B8/%EC%BD%98%EC%84%9C%ED%8A%B8,수집
이문세,2024-2025 Theatre 이문세,경남문화예술회관 대공연장,경남,진주시,2024-09-21,2024-09-22,2,콘서트,A,https://namu.wiki/w/%EC%9D%B4%EB%AC%B8%EC%84%B8/%EC%BD%98%EC%84%9C%ED%8A%B8,수집
이문세,2024-2025 Theatre 이문세,성남아트센터 오페라하우스,경기,성남시,2024-09-28,2024-09-29,2,콘서트,A,https://namu.wiki/w/%EC%9D%B4%EB%AC%B8%EC%84%B8/%EC%BD%98%EC%84%9C%ED%8A%B8,수집
이문세,2024-2025 Theatre 이문세,강원대학교 백령아트센터,강원,춘천시,2024-10-11,2024-10-12,2,콘서트,A,https://namu.wiki/w/%EC%9D%B4%EB%AC%B8%EC%84%B8/%EC%BD%98%EC%84%9C%ED%8A%B8,수집
이문세,2024-2025 Theatre 이문세,군산예술의전당 대공연장,전북,군산시,2024-10-25,2024-10-26,2,콘서트,A,https://namu.wiki/w/%EC%9D%B4%EB%AC%B8%EC%84%B8/%EC%BD%98%EC%84%9C%ED%8A%B8,수집
이문세,2024-2025 Theatre 이문세,고양아람누리 아람극장,경기,고양시,2024-12-07,2024-12-21,1,콘서트,B,https://namu.wiki/w/%EC%9D%B4%EB%AC%B8%EC%84%B8/%EC%BD%98%EC%84%9C%ED%8A%B8,수집
이문세,2024-2025 Theatre 이문세,청주예술의전당 대공연장,충북,청주시,2025-01-10,2025-01-11,2,콘서트,A,https://namu.wiki/w/%EC%9D%B4%EB%AC%B8%EC%84%B8/%EC%BD%98%EC%84%9C%ED%8A%B8,수집
이문세,2024-2025 Theatre 이문세,성산아트홀 대극장,경남,창원시,2025-01-17,2025-01-18,2,콘서트,A,https://namu.wiki/w/%EC%9D%B4%EB%AC%B8%EC%84%B8/%EC%BD%98%EC%84%9C%ED%8A%B8,수집
이문세,2024-2025 Theatre 이문세,익산예술의전당 대공연장,전북,익산시,2025-01-24,2025-01-25,2,콘서트,A,https://namu.wiki/w/%EC%9D%B4%EB%AC%B8%EC%84%B8/%EC%BD%98%EC%84%9C%ED%8A%B8,수집
이문세,2024-2025 Theatre 이문세,울산문화예술회관 대공연장,울산,남구,2025-03-07,2025-03-08,2,콘서트,A,https://namu.wiki/w/%EC%9D%B4%EB%AC%B8%EC%84%B8/%EC%BD%98%EC%84%9C%ED%8A%B8,수집
이문세,2024-2025 Theatre 이문세,용인포은아트홀,경기,용인시,2025-03-14,2025-03-15,2,콘서트,A,https://namu.wiki/w/%EC%9D%B4%EB%AC%B8%EC%84%B8/%EC%BD%98%EC%84%9C%ED%8A%B8,수집
이문세,2024-2025 Theatre 이문세,천안예술의전당 대극장,충남,천안시,2025-03-21,2025-03-22,2,콘서트,A,https://namu.wiki/w/%EC%9D%B4%EB%AC%B8%EC%84%B8/%EC%BD%98%EC%84%9C%ED%8A%B8,수집
이문세,2024-2025 Theatre 이문세,드림씨어터,부산,남구,2025-04-04,2025-04-05,2,콘서트,A,https://namu.wiki/w/%EC%9D%B4%EB%AC%B8%EC%84%B8/%EC%BD%98%EC%84%9C%ED%8A%B8,수집
이문세,2024-2025 Theatre 이문세,광주예술의전당 대극장,광주,북구,2025-04-11,2025-04-12,2,콘서트,A,https://namu.wiki/w/%EC%9D%B4%EB%AC%B8%EC%84%B8/%EC%BD%98%EC%84%9C%ED%8A%B8,수집
이문세,2024-2025 Theatre 이문세,제주아트센터 대극장,제주,제주시,2025-04-25,2025-04-26,2,콘서트,A,https://namu.wiki/w/%EC%9D%B4%EB%AC%B8%EC%84%B8/%EC%BD%98%EC%84%9C%ED%8A%B8,수집
이문세,2025-2026 이문세 the Best,광주여대 유니버시아드체육관,광주,광산구,2025-11-29,2025-11-29,1,콘서트,A,https://namu.wiki/w/%EC%9D%B4%EB%AC%B8%EC%84%B8/%EC%BD%98%EC%84%9C%ED%8A%B8,수집
이문세,2025-2026 이문세 the Best,KSPO DOME,서울,송파구,2025-12-13,2025-12-14,2,콘서트,A,https://namu.wiki/w/%EC%9D%B4%EB%AC%B8%EC%84%B8/%EC%BD%98%EC%84%9C%ED%8A%B8,수집
이문세,2025-2026 이문세 the Best,대전컨벤션센터,대전,유성구,2025-12-27,2025-12-27,1,콘서트,A,https://namu.wiki/w/%EC%9D%B4%EB%AC%B8%EC%84%B8/%EC%BD%98%EC%84%9C%ED%8A%B8,수집
이문세,2025-2026 이문세 the Best,벡스코,부산,해운대구,2026-01-10,2026-01-10,1,콘서트,A,https://namu.wiki/w/%EC%9D%B4%EB%AC%B8%EC%84%B8/%EC%BD%98%EC%84%9C%ED%8A%B8,수집
이문세,2025-2026 이문세 the Best,엑스코,대구,북구,2026-01-24,2026-01-24,1,콘서트,A,https://namu.wiki/w/%EC%9D%B4%EB%AC%B8%EC%84%B8/%EC%BD%98%EC%84%9C%ED%8A%B8,수집
카더가든,서울재즈페스티벌 2024,올림픽공원,서울,송파구,2024-05-31,2024-06-02,1,페스티벌출연,B,https://www.stagepick.co.kr/artists/detail/4059,수집
카더가든,JUMF 2024,전주종합경기장,전북,전주시,2024-08-09,2024-08-11,1,페스티벌출연,B,https://www.stagepick.co.kr/artists/detail/4059,수집
카더가든,2024 CassCool Festival,서울랜드,경기,과천시,2024-08-24,2024-08-24,1,페스티벌출연,B,https://www.stagepick.co.kr/artists/detail/4059,수집
카더가든,카더가든 단독 공연 [From Apartment],블루스퀘어 마스터카드홀,서울,용산구,2025-01-10,2025-01-12,3,단독공연,A,https://rollingstone.co.kr/music/music-news/20871,수집
카더가든,2025 부산국제록페스티벌,삼락생태공원,부산,사상구,2025-09-26,2025-09-28,1,페스티벌출연,B,https://www.stagepick.co.kr/artists/detail/4059,수집
카더가든,그랜드 민트 페스티벌 2025,올림픽공원,서울,송파구,2025-10-18,2025-10-19,1,페스티벌출연,B,https://www.stagepick.co.kr/artists/detail/4059,수집
카더가든,2025 서울뮤직페스티벌,문화비축기지,서울,마포구,2025-11-01,2025-11-02,1,페스티벌출연,B,https://www.stagepick.co.kr/artists/detail/4059,수집
카더가든,2026 카더가든 단독공연 <BLUE HEART>,올림픽공원 올림픽홀,서울,송파구,2026-01-17,2026-01-18,2,단독공연,A,https://news.tf.co.kr/read/entertain/2273390.htm,수집
카더가든,체리블라썸 뮤직 페스티벌 - 진해,진해공설운동장,경남,창원시,2026-04-03,2026-04-05,1,페스티벌출연,B,https://www.stagepick.co.kr/artists/detail/4059,수집
카더가든,2026 대덕물빛축제 뮤직페스티벌,금강로하스대청공원,대전,대덕구,2026-04-04,2026-04-05,1,페스티벌출연,B,https://www.stagepick.co.kr/artists/detail/4059,수집
카더가든,2026 KT&G 상상실현 페스티벌 - 춘천,KT&G 상상마당 춘천 아트센터,강원,춘천시,2026-04-11,2026-04-12,1,페스티벌출연,B,https://www.stagepick.co.kr/artists/detail/4059,수집
카더가든,Beautiful Mint Life 2026,문화비축기지,서울,마포구,2026-05-30,2026-05-31,1,페스티벌출연,B,https://www.stagepick.co.kr/artists/detail/4059,수집
카더가든,장기하 X 카더가든: MINTPAPER 20th SPECIAL LIVE,올림픽공원 올림픽홀,서울,송파구,2026-06-14,2026-06-14,1,단독공연,A,https://www.stagepick.co.kr/artists/detail/4059,수집
백지영,2025 백지영 전국투어 콘서트 <PLAYBAEK>,KBS부산홀,부산,수영구,2025-11-15,2025-11-15,1,콘서트,A,https://sub.alwaysallforyou.com/2025/10/2025-11-12-ft.html,수집
백지영,2025 백지영 전국투어 콘서트 <PLAYBAEK>,수원SK아트리움,경기,수원시,2025-11-29,2025-11-29,1,콘서트,B,https://sub.alwaysallforyou.com/2025/10/2025-11-12-ft.html,수집
백지영,2025 백지영 전국투어 콘서트 <PLAYBAEK>,인천남동체육관,인천,남동구,2025-12-06,2025-12-06,1,콘서트,A,https://www.stagepick.co.kr/performances/detail/205274,수집
백지영,2025 백지영 전국투어 콘서트 <PLAYBAEK>,엑스코 컨벤션홀,대구,북구,2025-12-13,2025-12-13,1,콘서트,B,https://sub.alwaysallforyou.com/2025/10/2025-11-12-ft.html,수집
백지영,2025 백지영 전국투어 콘서트 <PLAYBAEK>,코엑스 D홀,서울,강남구,2025-12-25,2025-12-25,1,콘서트,A,https://www.coex.co.kr/exhibitions/2025-k-music-with-classic-the-k-master-2025-%EB%B0%B1%EC%A7%80%EC%98%81-%EC%A0%84%EA%B5%AD%ED%88%AC%EC%96%B4-%EC%BD%98%EC%84%9C%ED%8A%B8-%E3%80%88playbaek%E3%80%89/,수집
비비,비비 팬 콘서트,명화라이브홀,서울,영등포구,2024-04-20,2024-04-21,2,팬미팅,A,https://www.stagepick.co.kr/artists/detail/9014,수집
비비,서울재즈페스티벌 2024,올림픽공원,서울,송파구,2024-05-31,2024-06-02,1,페스티벌출연,B,https://www.stagepick.co.kr/artists/detail/9014,수집
비비,워터밤 인천 2024,상상플랫폼,인천,중구,2024-08-03,2024-08-03,1,페스티벌출연,A,https://www.stagepick.co.kr/artists/detail/9014,수집
비비,2024 울산서머페스티벌,강동중앙공원,울산,북구,2024-08-09,2024-08-14,1,페스티벌출연,B,https://www.stagepick.co.kr/artists/detail/9014,수집
비비,2025 BIBI 1st WORLD TOUR [EVE] IN SEOUL,올림픽공원 올림픽홀,서울,송파구,2025-05-16,2025-05-18,3,콘서트,A,https://www.luck-d.com/ticket/340,수집
비비,원 유니버스 페스티벌 2025,서울대공원,경기,과천시,2025-08-15,2025-08-16,1,페스티벌출연,B,https://www.stagepick.co.kr/artists/detail/9014,수집
비비,Color in Music Festival 2025,파라다이스시티,인천,중구,2025-11-01,2025-11-02,1,페스티벌출연,B,https://www.stagepick.co.kr/artists/detail/9014,수집
비비,서울콘 X WORLD K-POP FESTIVAL,DDP 아트홀,서울,중구,2025-12-31,2025-12-31,1,페스티벌출연,A,https://www.stagepick.co.kr/artists/detail/9014,수집
비비,경록절 클래식 2026,무신사 개러지,서울,마포구,2026-02-20,2026-02-20,1,페스티벌출연,A,https://www.stagepick.co.kr/artists/detail/9014,수집
비비,워터밤 서울 2026,킨텍스 야외 글로벌스테이지,경기,고양시,2026-07-24,2026-07-26,1,페스티벌출연,B,https://www.stagepick.co.kr/artists/detail/9014,수집
비비,워터밤 속초 2026,한화리조트 설악 쏘라노,강원,속초시,2026-08-22,2026-08-22,1,페스티벌출연,A,https://www.stagepick.co.kr/artists/detail/9014,수집
잔나비,The Glow 2024,킨텍스,경기,고양시,2024-04-13,2024-04-13,1,페스티벌출연,B,https://en.wikipedia.org/wiki/List_of_Jannabi_live_performances,수집
잔나비,KT&G 상상실현 페스티벌 2024,KT&G 상상마당 춘천,강원,춘천시,2024-04-27,2024-04-27,1,페스티벌출연,B,https://en.wikipedia.org/wiki/List_of_Jannabi_live_performances,수집
잔나비,서울재즈페스티벌 2024,올림픽공원,서울,송파구,2024-06-01,2024-06-01,1,페스티벌출연,A,https://en.wikipedia.org/wiki/List_of_Jannabi_live_performances,수집
잔나비,서울파크뮤직페스티벌 2024,올림픽공원,서울,송파구,2024-06-29,2024-06-29,1,페스티벌출연,A,https://en.wikipedia.org/wiki/List_of_Jannabi_live_performances,수집
잔나비,인천 펜타포트 락 페스티벌 2024,송도달빛축제공원,인천,연수구,2024-08-04,2024-08-04,1,페스티벌출연,A,https://en.wikipedia.org/wiki/List_of_Jannabi_live_performances,수집
잔나비,Fantastic Old Fashioned 2024: Movie Star Rising,잠실실내체육관,서울,송파구,2024-08-31,2024-09-08,4,콘서트,A,https://en.wikipedia.org/wiki/List_of_Jannabi_live_performances,수집
잔나비,Fantastic Old Fashioned 2024: Movie Star Rising,벡스코 오디토리움,부산,해운대구,2024-09-14,2024-09-15,2,콘서트,A,https://en.wikipedia.org/wiki/List_of_Jannabi_live_performances,수집
잔나비,서리풀페스티벌 2024,,서울,서초구,2024-09-29,2024-09-29,1,페스티벌출연,B,https://en.wikipedia.org/wiki/List_of_Jannabi_live_performances,수집
잔나비,부산국제록페스티벌 2024,,부산,,2024-10-05,2024-10-05,1,페스티벌출연,B,https://en.wikipedia.org/wiki/List_of_Jannabi_live_performances,수집
잔나비,The Glow 2025,킨텍스,경기,고양시,2025-03-29,2025-03-29,1,페스티벌출연,B,https://en.wikipedia.org/wiki/List_of_Jannabi_live_performances,수집
잔나비,모든소년소녀들 2025,잠실실내체육관,서울,송파구,2025-04-26,2025-05-04,4,콘서트,A,https://www.cbci.co.kr/news/articleView.html?idxno=493796,수집
잔나비,서울재즈페스티벌 2025,KSPO DOME,서울,송파구,2025-05-30,2025-05-30,1,페스티벌출연,A,https://en.wikipedia.org/wiki/List_of_Jannabi_live_performances,수집
잔나비,K리그1 전북현대 경기 하프타임 공연,,전북,전주시,2025-05-31,2025-05-31,1,기타,B,https://en.wikipedia.org/wiki/List_of_Jannabi_live_performances,수집
잔나비,모든소년소녀들 2025,광주여대 유니버시아드체육관,광주,광산구,2025-06-14,2025-06-15,2,콘서트,A,https://www.cbci.co.kr/news/articleView.html?idxno=493796,수집
잔나비,모든소년소녀들 2025,엑스코,대구,북구,2025-06-28,2025-06-29,2,콘서트,A,https://www.cbci.co.kr/news/articleView.html?idxno=493796,수집
잔나비,KBO 올스타전 공연,,대전,,2025-07-12,2025-07-12,1,기타,B,https://en.wikipedia.org/wiki/List_of_Jannabi_live_performances,수집
잔나비,모든소년소녀들 2125 (앵콜),KSPO DOME,서울,송파구,2025-08-02,2025-08-03,2,콘서트,A,https://www.marieclairekorea.com/culture/music/2025/06/jannabi/,수집
잔나비,2025 KT Voyage to Jarasum,자라섬,경기,가평군,2025-09-06,2025-09-06,1,페스티벌출연,B,https://en.wikipedia.org/wiki/List_of_Jannabi_live_performances,수집
잔나비,우리 모모콘 2025,,서울,,2025-09-21,2025-09-21,1,페스티벌출연,B,https://en.wikipedia.org/wiki/List_of_Jannabi_live_performances,수집
잔나비,Color in Music Festival 2025,,인천,,2025-11-01,2025-11-01,1,페스티벌출연,B,https://en.wikipedia.org/wiki/List_of_Jannabi_live_performances,수집
잔나비,합창의 밤 2026 The Party Anthem,잠실실내체육관,서울,송파구,2025-12-27,2025-12-28,2,콘서트,A,https://en.wikipedia.org/wiki/List_of_Jannabi_live_performances,수집
잔나비,합창의 밤 2026 The Party Anthem,벡스코,부산,해운대구,2026-01-03,2026-01-04,2,콘서트,A,https://en.wikipedia.org/wiki/List_of_Jannabi_live_performances,수집
박정현,2024 박정현 소극장 콘서트 '이음',백암아트홀,서울,강남구,2024-07-11,2024-07-14,1,콘서트,A,https://ko.wikipedia.org/wiki/%EB%B0%95%EC%A0%95%ED%98%84%EC%9D%98_%EA%B3%B5%EC%97%B0_%EB%AA%A9%EB%A1%9D,수집
박정현,2024 박정현 크리스마스 콘서트 'Play!',명화라이브홀,서울,영등포구,2024-12-19,2024-12-22,3,콘서트,A,https://www.stagepick.co.kr/performances/detail/192318,수집
박정현,2025 박정현 콘서트 '11월의 편지',고양아람누리 아람극장,경기,고양시,2025-11-21,2025-11-23,3,콘서트,A,https://m.ticket.yes24.com/Perf/55398,수집
투어스(TWS),TWS 데뷔 쇼케이스,블루스퀘어 마스터카드홀,서울,용산구,2024-01-22,2024-01-22,1,기타,A,https://namu.wiki/w/TWS/%EA%B3%B5%EC%97%B0%20%EB%B0%8F%20%ED%96%89%EC%82%AC,수집
투어스(TWS),2025 TWS 1ST FANMEETING <42:CLUB> - 서울,올림픽공원 SK올림픽핸드볼경기장,서울,송파구,2025-02-14,2025-02-16,3,팬미팅,A,https://namu.wiki/w/TWS/%EA%B3%B5%EC%97%B0%20%EB%B0%8F%20%ED%96%89%EC%82%AC,수집
투어스(TWS),TWS 컴백 쇼케이스,블루스퀘어 SOL트래블홀,서울,용산구,2025-04-21,2025-04-21,1,기타,A,https://namu.wiki/w/TWS/%EA%B3%B5%EC%97%B0%20%EB%B0%8F%20%ED%96%89%EC%82%AC,수집
투어스(TWS),2025 TWS TOUR <24/7:WITH:US> IN SEOUL,잠실실내체육관,서울,송파구,2025-06-20,2025-06-22,3,콘서트,A,https://namu.wiki/w/24/7:WITH:US,수집
투어스(TWS),TWS 컴백 쇼케이스,예스24 라이브홀,서울,마포구,2025-10-13,2025-10-13,1,기타,A,https://namu.wiki/w/TWS/%EA%B3%B5%EC%97%B0%20%EB%B0%8F%20%ED%96%89%EC%82%AC,수집
투어스(TWS),2026 TWS 2ND FANMEETING <42:CLUB> - 서울,티켓링크 라이브 아레나,서울,,2026-03-27,2026-03-29,3,팬미팅,A,https://namu.wiki/w/TWS/%EA%B3%B5%EC%97%B0%20%EB%B0%8F%20%ED%96%89%EC%82%AC,수집
투어스(TWS),TWS 컴백 쇼케이스,예스24 라이브홀,서울,마포구,2026-04-27,2026-04-27,1,기타,A,https://namu.wiki/w/TWS/%EA%B3%B5%EC%97%B0%20%EB%B0%8F%20%ED%96%89%EC%82%AC,수집
투어스(TWS),2026 TWS TOUR <24/7:FOR:YOU> IN SEOUL,KSPO DOME,서울,송파구,2026-06-27,2026-06-28,2,콘서트,A,https://sports.khan.co.kr/article/202605041806003,수집
소녀시대,2024-01-01~2026-09-18 국내 공연 기록 미확인 (재조사 완료),,,,,,,,,,조사·무기록
이효리,2024-01-01~2026-09-18 국내 공연 기록 미확인 (재조사 완료),,,,,,,,,,조사·무기록
잭스키스,2024-01-01~2026-09-18 국내 공연 기록 미확인 (재조사 완료),,,,,,,,,,조사·무기록
브라운아이즈,2024-01-01~2026-09-18 국내 공연 기록 미확인 (재조사 완료),,,,,,,,,,조사·무기록
동방신기,2024-01-01~2026-09-18 국내 공연 기록 미확인 (재조사 완료),,,,,,,,,,조사·무기록
엄정화,2024-01-01~2026-09-18 국내 공연 기록 미확인 (재조사 완료),,,,,,,,,,조사·무기록
